text,category,alias,verdict,gain,heard_without_dict,heard_with_dict,sentence,judge_reason,stored_verdict,stt_model
atorvastatin,drug,a-TOR-va-STAT-in,HELPS,0.029,Please take your adivistatin as prescribed.,Please take your atorvastatin as prescribed.,Please take your atorvastatin as prescribed.,"The ""with dictionary"" transcript correctly recovers ""atorvastatin"" while the ""without dictionary"" transcript produced the garbled ""adivistatin.""",HELPS,
Lipitor,drug,LIP-i-tor,WASH,0.074,Please take your lipidur as prescribed.,Please take your LIPI tour as prescribed.,Please take your Lipitor as prescribed.,"Both transcripts fail to clearly produce ""Lipitor"" — the without-dictionary version says ""lipidur"" and the with-dictionary version fragments it as ""LIPI tour,"" neither matching the target.",HURTS,distil-whisper/distil-large-v2
lisinopril,drug,ly-SIN-oh-pril,WASH,0.077,Please take your Lysenaprol as prescribed.,Please take your Lysenopril as prescribed.,Please take your lisinopril as prescribed.,"Both transcripts mispronounce the term (Lysenaprol vs Lysenopril), and neither recovers the correct ""lisinopril"" pronunciation; the dictionary version is marginally closer but still wrong.",HELPS,
metoprolol,drug,me-TOE-pro-lol,HURTS,-0.044,Please take your Metaprolol as prescribed.,Please take your Mito Prolal as prescribed.,Please take your metoprolol as prescribed.,"The without-dictionary transcript ""Metaprolol"" is a much closer rendering of ""metoprolol"" than the with-dictionary ""Mito Prolal,"" which is fragmented and incorrect.",HURTS,
amlodipine,drug,am-LOE-di-peen,HURTS,-0.045,Please take your amlodipine as prescribed.,Please take your amloidopine as prescribed.,Please take your amlodipine as prescribed.,"The without-dictionary transcript correctly rendered ""amlodipine,"" while the with-dictionary transcript garbled it to ""amloidopine.""",WASH,
losartan,drug,loe-SAR-tan,HELPS,0.0,Please take your Lusartan as prescribed.,Please take your Losartan as prescribed.,Please take your losartan as prescribed.,"The dictionary corrected the mispronunciation from ""Lusartan"" to the correct ""Losartan.""",WASH,
metoprolol succinate,drug,me-TOE-pro-lol SUK-si-nate,WASH,0.042,Please take your metaprolol sussonate as prescribed.,Please take your METO ProLol SUK Sinate as prescribed.,Please take your metoprolol succinate as prescribed.,"Both transcripts are garbled and neither clearly recovers ""metoprolol succinate""; the dictionary version is arguably worse with awkward capitalization/fragmentation.",HURTS,
metoprolol tartrate,drug,me-TOE-pro-lol TAR-trate,HURTS,-0.014,Please take your metaprolol tartrate as prescribed.,Please take your Mito-Prolol Tar Trait as prescribed.,Please take your metoprolol tartrate as prescribed.,"The without-dictionary transcript ""metaprolol tartrate"" is a closer match to ""metoprolol tartrate"" than the with-dictionary transcript ""Mito-Prolol Tar Trait,"" which is more garbled.",WASH,
carvedilol,drug,kar-VE-di-lol,WASH,0.0,Please take your carved ailal as prescribed.,Please take your CARV-E-Dolol as prescribed.,Please take your carvedilol as prescribed.,"Both transcripts fail to clearly produce ""carvedilol"" — the without-dictionary version says ""carved ailal"" and the with-dictionary version says ""CARV-E-Dolol,"" neither matching the target, with no meaningful improvement.",WASH,
valsartan,drug,val-SAR-tan,WASH,0.0,Please take your Valsartan as prescribed.,Please take your Valsartan as prescribed.,Please take your valsartan as prescribed.,"Both transcripts are identical and correctly render ""Valsartan,"" so the dictionary entry made no difference.",WASH,
enalapril,drug,e-NAL-a-pril,WASH,0.04,Please take your Enelapril as prescribed.,Please take your Enalapril as prescribed.,Please take your enalapril as prescribed.,"Both transcripts are essentially the same, with only a minor spelling variation (""Enelapril"" vs ""Enalapril"") that doesn't meaningfully affect pronunciation recovery.",WASH,
ramipril,drug,ra-MI-pril,HURTS,-0.064,Please take your Ramipril as prescribed.,Please take your Ram-Eye Pril as prescribed.,Please take your ramipril as prescribed.,"The without-dictionary transcript correctly produced ""Ramipril,"" while the with-dictionary transcript fragmented it into ""Ram-Eye Pril.""",WASH,
felodipine,drug,fe-LOE-di-peen,WASH,-0.013,Please take your felidipine as prescribed.,Please take your phyloedipine as prescribed.,Please take your felodipine as prescribed.,"Both transcripts mispronounce the drug name and neither recovers the correct ""felodipine"" pronunciation.",HURTS,
nimodipine,drug,ny-MOE-di-peen,WASH,-0.038,Please take your Nymotipine as prescribed.,Please take your nymotepine as prescribed.,Please take your nimodipine as prescribed.,"Both transcripts mispronounce the drug name similarly; the dictionary did not recover the correct ""nimodipine"" pronunciation.",HELPS,
nicardipine,drug,ny-KAR-di-peen,HURTS,-0.122,Please take your nicardipine as prescribed.,Please take your Ny-K-R-Dipine as prescribed.,Please take your nicardipine as prescribed.,"The without-dictionary transcript correctly produced ""nicardipine,"" while the with-dictionary transcript mangled it into ""Ny-K-R-Dipine,"" which is clearly worse.",HELPS,
nitroglycerin,drug,ny-tro-GLIS-er-in,WASH,-0.055,Please take your nitroglycerin as prescribed.,Please take your nitro-G-elicerin as prescribed.,Please take your nitroglycerin as prescribed.,"Both transcripts fail to clearly produce ""nitroglycerin"" — the without-dictionary version is a clean attempt at the word, while the with-dictionary version fragments it into ""nitro-G-elicerin,"" which is worse.",HURTS,
hydralazine,drug,hy-DRAL-a-zeen,WASH,-0.074,Please take your Hydralazine as prescribed.,Please take your Hydralisine as prescribed.,Please take your hydralazine as prescribed.,"Both transcripts attempt the drug name but neither matches the target ""hydralazine"" cleanly; the dictionary version (""Hydralisine"") is not closer to the target than the baseline.",HELPS,
clonidine,drug,KLON-i-deen,WASH,-0.011,Please take your Clonodyne as prescribed.,Please take your Kalani-Deen as prescribed.,Please take your clonidine as prescribed.,"Both transcripts are wrong; the dictionary version (""Kalani-Deen"") is no closer to ""clonidine"" than the original (""Clonodyne"").",HURTS,
spironolactone,drug,spir-oh-no-LAK-tone,HURTS,-0.033,Please take your Spironolactone as prescribed.,Please take your Spirono-Electonus prescribed.,Please take your spironolactone as prescribed.,"The without-dictionary transcript correctly rendered ""spironolactone,"" while the with-dictionary transcript garbled it into ""Spirono-Electonus.""",HELPS,
furosemide,drug,fur-OH-se-mide,HURTS,-0.094,Please take your furosemide as prescribed.,Please take your Fur-O-Ac-Mide as prescribed.,Please take your furosemide as prescribed.,"The without-dictionary transcript correctly produced ""furosemide,"" while the with-dictionary transcript mangled it into ""Fur-O-Ac-Mide.""",WASH,
hydrochlorothiazide,drug,hy-dro-KLOR-oh-THY-a-zide,HURTS,-0.205,Please take your hydrochlorothiazide as prescribed.,Please take your hydro-clar-OCH-azide as prescribed.,Please take your hydrochlorothiazide as prescribed.,"The without-dictionary transcript correctly produced ""hydrochlorothiazide,"" while the with-dictionary transcript fragmented it into ""hydro-clar-OCH-azide,"" making it less accurate.",WASH,
triamterene,drug,try-AM-ter-een,WASH,-0.013,Please take your triamterine as prescribed.,Please take your Tri-AM-terine as prescribed.,Please take your triamterene as prescribed.,"Both transcripts mispronounce the target as ""triamterine"" rather than ""triamterene""; the dictionary only added capitalization and a hyphenation cue without fixing the vowel error.",HELPS,
bumetanide,drug,byoo-MET-a-nide,WASH,-0.007,Please take your bimetanide as prescribed.,Please take your Biometanide as prescribed.,Please take your bumetanide as prescribed.,"Both transcripts mispronounced the term similarly (""bimetanide"" vs ""Biometanide""), with no meaningful improvement from the dictionary.",WASH,
torsemide,drug,TOR-se-mide,HURTS,-0.134,Please take your torsemide as prescribed.,Please take your Taurus amide as prescribed.,Please take your torsemide as prescribed.,"The without-dictionary transcript correctly produced ""torsemide,"" while the with-dictionary transcript mangled it into ""Taurus amide.""",WASH,
eplerenone,drug,e-PLER-e-none,WASH,-0.013,Please take your Epler Anonis prescribed.,Please take your ePlier eNun as prescribed.,Please take your eplerenone as prescribed.,"Both transcripts are garbled and fail to recover ""eplerenone"" clearly; the dictionary version is marginally worse but neither is meaningfully better.",HELPS,
diltiazem,drug,dil-TY-a-zem,WASH,0.028,Please take your Diltiasm as prescribed.,Please take your DILTY-Azem as prescribed.,Please take your diltiazem as prescribed.,"Both transcripts fail to clearly produce ""diltiazem""; the dictionary version fragments it into ""DILTY-Azem"" which is arguably worse, while the non-dictionary version at least approximates ""Diltiasm"" as a single word.",HURTS,
verapamil,drug,ver-AP-a-mil,WASH,-0.033,Please take your Verapamil as prescribed.,Please take your VerAPMIL as prescribed.,Please take your verapamil as prescribed.,"Both transcripts attempt the same word but neither is a clean rendering; the dictionary version ""VerAPMIL"" is arguably worse/more garbled than the natural ""Verapamil,"" so no clear help.",WASH,
nifedipine,drug,ny-FED-i-peen,WASH,0.004,Please take your knife to penis prescribed.,Please take your Nifeti Pen as prescribed.,Please take your nifedipine as prescribed.,"Both transcripts fail to clearly produce ""nifedipine""; the dictionary version is slightly closer but still garbled and not a clear recovery.",HURTS,
doxazosin,drug,dok-SAZ-oh-sin,WASH,0.0,Please take your doxazosin as prescribed.,Please take your Doxazosin as prescribed.,Please take your doxazosin as prescribed.,"Both transcripts contain the correct term ""doxazosin"" with only a capitalization difference, which is not a meaningful pronunciation distinction.",WASH,
terazosin,drug,ter-AZ-oh-sin,HURTS,-0.051,Please take your Terrazosin as prescribed.,Please take your Ture Zeo Sin as prescribed.,Please take your terazosin as prescribed.,"The without-dictionary transcript ""Terrazosin"" is a reasonable rendering of ""terazosin,"" while the with-dictionary transcript ""Ture Zeo Sin"" is fragmented and clearly worse.",WASH,
prazosin,drug,PRAZ-oh-sin,WASH,0.077,Please take your Prozocin as prescribed.,Please take your PRAZO-SIN as prescribed.,Please take your prazosin as prescribed.,"Both transcripts fail to produce the correct pronunciation ""prazosin""; the dictionary version spells it out as ""PRAZO-SIN"" which is not a natural pronunciation recovery, and the similarity gain is minimal.",WASH,
amiodarone,drug,am-ee-OH-da-rone,HURTS,-0.051,Please take your amiodarone as prescribed.,Please take your AMI-OA Geron as prescribed.,Please take your amiodarone as prescribed.,"The without-dictionary transcript correctly produced ""amiodarone,"" while the with-dictionary transcript mangled it into ""AMI-OA Geron.""",HELPS,
dronedarone,drug,droe-NEH-da-rone,HURTS,-0.206,Please take your Drone-Darone as prescribed.,Please take your Drô Nietzsche-Duron as prescribed.,Please take your dronedarone as prescribed.,"The ""without dictionary"" transcript already produced a reasonable phonetic rendering (""Drone-Darone""), while the ""with dictionary"" transcript became garbled and nonsensical (""Drô Nietzsche-Duron"").",HURTS,
sotalol,drug,SOH-ta-lol,HURTS,-0.057,Please take your Sotolol as prescribed.,Please take your SOH to lal as prescribed.,Please take your sotalol as prescribed.,"The without-dictionary transcript ""Sotolol"" is a reasonable rendering of ""sotalol,"" while the with-dictionary version ""SOH to lal"" is fragmented and worse.",WASH,
propafenone,drug,pro-PAF-eh-none,WASH,0.0,Please take your propifenone as prescribed.,Please take your Propafinone as prescribed.,Please take your propafenone as prescribed.,"Both transcripts mispronounce the term (propifenone vs Propafinone), and neither matches the target ""propafenone""; the dictionary did not improve pronunciation.",WASH,
flecainide,drug,FLEH-ka-nide,HURTS,-0.027,Please take your fleckinite as prescribed.,Please take your F. Leach Canide as prescribed.,Please take your flecainide as prescribed.,"The without-dictionary transcript ""fleckinite"" was a reasonable attempt at the target term, while the with-dictionary transcript fragmented into ""F. Leach Canide,"" which is worse.",HELPS,
mexiletine,drug,mex-IL-eh-teen,HURTS,-0.05,Please take your Mexilatine as prescribed.,Please take your Mexi-Elateen as prescribed.,Please take your mexiletine as prescribed.,"The without-dictionary transcript ""Mexilatine"" is closer to the target ""mexiletine"" than the with-dictionary ""Mexi-Elateen,"" which fragments the word into two parts.",HURTS,
isosorbide dinitrate,drug,eye-so-SOR-bide dye-NYE-trate,HURTS,-0.111,Please take your isosorbide dinatrate as prescribed.,Please take your Isosarbi Dynye trait as prescribed.,Please take your isosorbide dinitrate as prescribed.,"Without dictionary, the term was correctly transcribed as ""isosorbide dinatrate"" (close to target), but with dictionary it became garbled ""Isosarbi Dynye trait.""",HURTS,
isosorbide mononitrate,drug,eye-so-SOR-bide mon-oh-NYE-trate,HURTS,-0.092,Please take your isosorbide mononitrate as prescribed.,Please take your isosarbide mono-YE trait as prescribed.,Please take your isosorbide mononitrate as prescribed.,"Without dictionary, the term was rendered clearly as ""isosorbide mononitrate,"" while the dictionary version garbled it into ""isosarbide mono-YE trait.""",WASH,
warfarin,drug,war-FAR-in,WASH,-0.083,Please take your Warfarin as prescribed.,Please take your Worfaran as prescribed.,Please take your warfarin as prescribed.,"Both transcripts are close approximations of ""warfarin""; neither is clearly correct, and the dictionary version (""Worfaran"") is not better than the original.",HURTS,
rivaroxaban,drug,riv-a-ROX-a-ban,WASH,0.0,Please take your rivaroxaban as prescribed.,Please take your rivaroxaban as prescribed.,Please take your rivaroxaban as prescribed.,Both transcripts are identical and correctly render the term.,HURTS,
apixaban,drug,a-PIX-a-ban,WASH,0.042,Please take your apexaban as prescribed.,Please take your epixaban as prescribed.,Please take your apixaban as prescribed.,"Both transcripts mispronounce the term (""apexaban"" vs ""epixaban""), and neither recovers the correct ""apixaban"" pronunciation.",HELPS,distil-whisper/distil-large-v2
dabigatran,drug,da-big-a-TRAN,WASH,-0.045,Please take your dabigatran as prescribed.,Please take your Da Bigotran as prescribed.,Please take your dabigatran as prescribed.,"Both transcripts fail to clearly render ""dabigatran"" correctly; the dictionary version (""Da Bigotran"") is arguably worse and more garbled than the original.",HURTS,
clopidogrel,drug,kloh-PID-oh-grel,WASH,0.0,Please take your clopidogrel as prescribed.,Please take your Clopidogrel as prescribed.,Please take your clopidogrel as prescribed.,"Both transcripts contain the correct term ""clopidogrel"" with only a capitalization difference, which is not a meaningful pronunciation distinction.",HELPS,
prasugrel,drug,PRA-soo-grel,WASH,0.073,Please take your Prasagrol as prescribed.,Please take your PRA Sugrel as prescribed.,Please take your prasugrel as prescribed.,"Both transcripts attempt the term but neither matches the target ""prasugrel"" cleanly; the dictionary version splits it into ""PRA Sugrel"" which isn't a clear improvement over ""Prasagrol.""",WASH,
ticagrelor,drug,tye-ka-GREL-or,WASH,0.014,Please take your Tocogrelor as prescribed.,Please take your Taika Grell or as prescribed.,Please take your ticagrelor as prescribed.,"Both transcripts fail to clearly produce ""ticagrelor""; the dictionary version (""Taika Grell or"") is arguably more garbled than the non-dictionary version (""Tocogrelor""), but neither recovers the target term.",HELPS,
ezetimibe,drug,eh-ZET-i-mibe,WASH,-0.033,Please take your ezetimibe as prescribed.,Please take your EZEDIMIB as prescribed.,Please take your ezetimibe as prescribed.,"Both transcripts attempt the drug name but neither is a clean match; the dictionary version ""EZEDIMIB"" is arguably less recognizable than ""ezetimibe"" and the similarity score is slightly negative.",WASH,
fenofibrate,drug,fen-oh-FYE-brate,HURTS,-0.092,Please take your phenofibrate as prescribed.,Please take your Phenno FYE Braid as prescribed.,Please take your fenofibrate as prescribed.,"The ""without dictionary"" transcript ""phenofibrate"" is a closer match to the target ""fenofibrate"" than the ""with dictionary"" transcript ""Phenno FYE Braid,"" which is fragmented and less accurate.",HELPS,
gemfibrozil,drug,jem-FYE-broh-zil,HURTS,-0.019,Please take your GemfibroZyl as prescribed.,Please take your Gemphi EbroZil as prescribed.,Please take your gemfibrozil as prescribed.,"The ""without dictionary"" transcript was closer to the target (GemfibroZyl) than the ""with dictionary"" transcript, which fragmented the word into ""Gemphi EbroZil.""",WASH,
niacin,drug,NYE-a-sin,WASH,-0.099,Please take your niacin as prescribed.,Please take your NYEA-SIN as prescribed.,Please take your niacin as prescribed.,"Both transcripts attempt the term but neither matches the target ""niacin"" cleanly; the dictionary version produces a garbled ""NYEA-SIN"" which is not better than the original.",HURTS,
colesevelam,drug,koh-leh-SEV-eh-lam,WASH,0.086,Please take your colchive alum as prescribed.,Please take your Co-Les-Sivé alarm as prescribed.,Please take your colesevelam as prescribed.,"Both transcripts fail to recover the target term ""colesevelam"" clearly; the dictionary version is slightly closer but still garbled and not a clear win.",WASH,
simvastatin,drug,sim-va-STAT-in,WASH,0.0,Please take your Simvastatin as prescribed.,Please take your Simvastatin as prescribed.,Please take your simvastatin as prescribed.,"Both transcripts are identical and correctly render ""Simvastatin.""",HELPS,
rosuvastatin,drug,roh-soo-va-STAT-in,HELPS,0.036,Please take your rosuvistatin as prescribed.,Please take your rosuvastatin as prescribed.,Please take your rosuvastatin as prescribed.,"The without-dictionary transcript mispronounced the term as ""rosuvistatin,"" while the with-dictionary transcript correctly rendered ""rosuvastatin.""",WASH,
pravastatin,drug,PRAV-va-STAT-in,WASH,0.0,Please take your Pravastatin as prescribed.,Please take your Pravastatin as prescribed.,Please take your pravastatin as prescribed.,"Both transcripts are identical and correctly render ""Pravastatin,"" so the dictionary entry had no effect.",HELPS,
fluvastatin,drug,FLOO-va-STAT-in,WASH,0.0,Please take your fluvastatin as prescribed.,Please take your fluvastatin as prescribed.,Please take your fluvastatin as prescribed.,"Both transcripts are identical and correctly render ""fluvastatin,"" so the dictionary entry produced no change.",HURTS,
pitavastatin,drug,pit-a-va-STAT-in,WASH,-0.028,Please take your pithavastatin as prescribed.,Please take your pitivastatin as prescribed.,Please take your pitavastatin as prescribed.,"Both transcripts mispronounce the target term (""pithavastatin"" vs ""pitivastatin""), and neither recovers the correct ""pitavastatin"" pronunciation.",WASH,
alirocumab,drug,a-LIR-oh-kyoo-mab,WASH,0.0,Please take your Aliracumab as prescribed.,Please take your Alarocumab as prescribed.,Please take your alirocumab as prescribed.,"Both transcripts mispronounce the term (""Aliracumab"" vs ""Alarocumab""), and neither matches the target ""alirocumab.""",HELPS,
evolocumab,drug,e-VOL-oh-kyoo-mab,WASH,0.0,Please take your Evolocumab as prescribed.,Please take your Evolocumab as prescribed.,Please take your evolocumab as prescribed.,"Both transcripts are identical and correctly render the term ""Evolocumab,"" so the dictionary had no effect.",HURTS,
metformin,drug,met-FOR-min,WASH,0.0,Please take your metformin as prescribed.,Please take your metformin as prescribed.,Please take your metformin as prescribed.,"Both transcripts already correctly produced ""metformin"" with no difference.",WASH,
glipizide,drug,GLIP-i-zide,WASH,-0.04,Please take your glipizide as prescribed.,Please take your glypizide as prescribed.,Please take your glipizide as prescribed.,"Both transcripts are essentially the same; the dictionary didn't meaningfully change the pronunciation of ""glipizide.""",WASH,
glyburide,drug,GLY-bur-ide,HURTS,-0.109,Please take your Glybaride as prescribed.,Please take your GL Weber Eye Day as prescribed.,Please take your glyburide as prescribed.,"The without-dictionary transcript ""Glybaride"" is a reasonable phonetic rendering of ""glyburide,"" while the with-dictionary transcript ""GL Weber Eye Day"" is completely garbled and unrecognizable.",HURTS,
pioglitazone,drug,py-oh-GLIT-ah-zone,HURTS,-0.071,Please take your pioglitazone as prescribed.,Please take your Pyogli-Azone as prescribed.,Please take your pioglitazone as prescribed.,"The without-dictionary transcript correctly rendered ""pioglitazone,"" while the with-dictionary transcript mangled it into ""Pyogli-Azone.""",WASH,
sitagliptin,drug,sit-ah-GLIP-tin,HURTS,-0.116,Please take your citagliptin as prescribed.,Please take your Citiglib E10 as prescribed.,Please take your sitagliptin as prescribed.,"The ""without dictionary"" transcript ""citagliptin"" is a closer match to ""sitagliptin"" than the ""with dictionary"" transcript ""Citiglib E10,"" which is more garbled and fragmented.",HELPS,
linagliptin,drug,lin-ah-GLIP-tin,HURTS,-0.181,Please take your linagliptin as prescribed.,Please take your LinoglyP10 as prescribed.,Please take your linagliptin as prescribed.,"The without-dictionary transcript correctly rendered ""linagliptin,"" while the with-dictionary transcript mangled it into ""LinoglyP10.""",HELPS,
saxagliptin,drug,sax-ah-GLIP-tin,HURTS,-0.074,Please take your saxagliptin as prescribed.,Please take your Saxaglip 10 as prescribed.,Please take your saxagliptin as prescribed.,"Without dictionary, ""saxagliptin"" was correctly transcribed; with dictionary, it became the garbled ""Saxaglip 10.""",WASH,
alogliptin,drug,al-oh-GLIP-tin,HURTS,-0.127,Please take your allogliptin as prescribed.,Please take your Aloe G.I.P. 10 as prescribed.,Please take your alogliptin as prescribed.,"The without-dictionary transcript ""allogliptin"" is much closer to ""alogliptin"" than the with-dictionary transcript ""Aloe G.I.P. 10,"" which is a garbled expansion.",WASH,
empagliflozin,drug,em-pah-gli-FLOH-zin,WASH,0.018,Please take your empigloplozen as prescribed.,Please take your M. Pogley effloach zin as prescribed.,Please take your empagliflozin as prescribed.,"Both transcripts fail to recover the correct term ""empagliflozin""; the dictionary version is arguably worse with fragmented nonsense syllables.",HELPS,distil-whisper/distil-large-v2
canagliflozin,drug,kan-ah-gli-FLOH-zin,HURTS,-0.039,Please take your Conagliflozin as prescribed.,Please take your can of Glieflochzin as prescribed.,Please take your canagliflozin as prescribed.,"The without-dictionary transcript ""Conagliflozin"" is a much closer phonetic match to ""canagliflozin"" than the with-dictionary transcript ""can of Glieflochzin,"" which fragments the term into nonsensical pieces.",HELPS,
dapagliflozin,drug,dap-ah-gli-FLOH-zin,HURTS,-0.042,Please take your Dapagliflozin as prescribed.,Please take your Dapagli F. Loachzin as prescribed.,Please take your dapagliflozin as prescribed.,"The without-dictionary transcript produced a clean, correct rendering of ""Dapagliflozin,"" while the with-dictionary transcript fragmented it into ""Dapagli F. Loachzin,"" which is clearly worse.",HURTS,
semaglutide,drug,sem-ah-GLOO-tide,WASH,0.0,Please take your semaglutide as prescribed.,Please take your semaglutide as prescribed.,Please take your semaglutide as prescribed.,"Both transcripts are identical and correctly render ""semaglutide,"" so the dictionary entry had no effect.",HELPS,
liraglutide,drug,lir-ah-GLOO-tide,HURTS,-0.116,Please take your Liraglutide as prescribed.,Please take your Lurojulotide as prescribed.,Please take your liraglutide as prescribed.,"The without-dictionary transcript ""Liraglutide"" is essentially correct, while the with-dictionary transcript ""Lurojulotide"" is garbled and further from the target.",HELPS,
exenatide,drug,ex-EN-ah-tide,WASH,0.02,Please take your Exenatitis prescribed.,Please take your Exienatide as prescribed.,Please take your exenatide as prescribed.,"Both transcripts are garbled and neither clearly recovers ""exenatide""; the dictionary version is marginally closer but still wrong.",WASH,
dulaglutide,drug,doo-lah-GLOO-tide,HURTS,-0.084,Please take your Dula Glutide as prescribed.,Please take your doula julotide as prescribed.,Please take your dulaglutide as prescribed.,"Without dictionary, the term was correctly rendered as ""Dula Glutide,"" while with dictionary it became garbled as ""doula julotide.""",WASH,
tirzepatide,drug,teer-ZEP-ah-tide,HURTS,-0.123,Please take your terzipatide as prescribed.,Please take your tears appetite as prescribed.,Please take your tirzepatide as prescribed.,"The without-dictionary transcript ""terzipatide"" is a reasonable phonetic rendering of ""tirzepatide,"" while the with-dictionary transcript ""tears appetite"" is completely wrong and fragmented.",HURTS,distil-whisper/distil-large-v2
insulin glargine,drug,IN-suh-lin GLAR-jeen,HURTS,-0.059,Please take your insulin glargine as prescribed.,Please take your Ion Su Lin Glar gene as prescribed.,Please take your insulin glargine as prescribed.,"The without-dictionary transcript already correctly produced ""insulin glargine,"" while the with-dictionary transcript mangled it into ""Ion Su Lin Glar gene.""",HURTS,
insulin lispro,drug,IN-suh-lin LIS-proh,HURTS,-0.045,Please take your Insulin List Pro as prescribed.,Please take your Ain Sa Lin LIS Pro as prescribed.,Please take your insulin lispro as prescribed.,"The without-dictionary transcript correctly rendered ""Insulin Lispro"" as ""Insulin List Pro,"" while the with-dictionary transcript garbled it into ""Ain Sa Lin LIS Pro,"" making it worse.",HURTS,
insulin aspart,drug,IN-suh-lin AS-part,WASH,-0.029,Please take your insulin Aspart as prescribed.,Please take your Ion Su Lin AS part as prescribed.,Please take your insulin aspart as prescribed.,"Both transcripts fail to clearly render ""insulin aspart"" correctly; the dictionary version is garbled (""Ion Su Lin AS part"") and not an improvement.",HELPS,
insulin detemir,drug,IN-suh-lin DET-uh-meer,WASH,0.0,Please take your insulin to Tamir as prescribed.,Please take your Ayn Sulin DE Mir as prescribed.,Please take your insulin detemir as prescribed.,"Both transcripts fail to clearly produce ""insulin detemir""; the dictionary version is garbled (""Ayn Sulin DE Mir"") and not closer to the target.",HELPS,
insulin degludec,drug,IN-suh-lin deh-GLOO-dek,HURTS,-0.039,Please take your insulin to glutec as prescribed.,Please take your Ayan Selin Dej Glow deck as prescribed.,Please take your insulin degludec as prescribed.,"The ""without dictionary"" transcript was closer to the target (""insulin to glutec"" vs ""insulin degludec""), while the ""with dictionary"" transcript became garbled and fragmented (""Ayan Selin Dej Glow deck"").",WASH,
acarbose,drug,AY-kar-bose,WASH,-0.028,Please take your Acarbosis prescribed.,Please take your AY Carbose as prescribed.,Please take your acarbose as prescribed.,"Both transcripts fail to cleanly produce ""acarbose"" — without gives ""Acarbosis"" (wrong suffix), with gives ""AY Carbose"" (awkward split); neither is clearly better.",WASH,
miglitol,drug,MIG-li-tol,WASH,0.0,Please take your Miglitol as prescribed.,Please take your Miglitol as prescribed.,Please take your miglitol as prescribed.,"Both transcripts are identical and correctly render ""Miglitol,"" so the dictionary entry made no difference.",HELPS,
repaglinide,drug,reh-PAG-li-nide,WASH,-0.049,Please take your repaglonide as prescribed.,Please take your Ray Paglonide as prescribed.,Please take your repaglinide as prescribed.,"Both transcripts mispronounce the term (repaglonide vs. Ray Paglonide), and neither recovers the correct pronunciation ""repaglinide.""",WASH,
nateglinide,drug,nah-TEG-li-nide,HELPS,0.131,Please take your naclinite as prescribed.,Please take your nauteglinide as prescribed.,Please take your nateglinide as prescribed.,"The without-dictionary transcript ""naclinite"" is garbled and misses the target, while the with-dictionary transcript ""nauteglinide"" clearly recovers the correct term ""nateglinide.""",HELPS,
amoxicillin,drug,ah-MOX-i-sil-in,WASH,0.0,Please take your amoxicillin as prescribed.,Please take your Amoxicillin as prescribed.,Please take your amoxicillin as prescribed.,"Both transcripts correctly captured ""amoxicillin""; the only difference is capitalization, which doesn't affect pronunciation accuracy.",WASH,
amoxicillin clavulanate,drug,ah-MOX-i-sil-in klav-yoo-LAN-ate,HELPS,0.07,Please take your amoxicillin clavulinit as prescribed.,Please take your Amoxicillin clavulanate as prescribed.,Please take your amoxicillin clavulanate as prescribed.,"The without-dictionary transcript mispronounced the term as ""clavulinit,"" while the with-dictionary transcript correctly rendered ""clavulanate.""",HURTS,
azithromycin,drug,ah-ZITH-roh-my-sin,WASH,-0.065,Please take your azithromycin as prescribed.,Please take your azitromicin as prescribed.,Please take your azithromycin as prescribed.,"Both transcripts are close approximations of ""azithromycin""; the dictionary version slightly altered the ending but neither is clearly better or worse.",WASH,
cephalexin,drug,sef-ah-LEX-in,WASH,0.0,Please take your Cephalexin as prescribed.,Please take your cephalexin as prescribed.,Please take your cephalexin as prescribed.,"Both transcripts correctly produced ""cephalexin"" with no meaningful difference.",WASH,
ciprofloxacin,drug,sip-roh-FLOX-ah-sin,HURTS,-0.048,Please take your ciprofloxacin as prescribed.,Please take your Cipro-Efloxicin as prescribed.,Please take your ciprofloxacin as prescribed.,"The without-dictionary transcript correctly rendered ""ciprofloxacin,"" while the with-dictionary transcript mangled it into ""Cipro-Efloxicin.""",HELPS,
clindamycin,drug,klin-dah-MY-sin,HURTS,-0.122,Please take your clindamycin as prescribed.,Please take your Klindam I Sin as prescribed.,Please take your clindamycin as prescribed.,"The without-dictionary transcript correctly produced ""clindamycin,"" while the with-dictionary transcript mangled it into ""Klindam I Sin.""",HELPS,
doxycycline,drug,dok-see-SY-kleen,HURTS,-0.157,Please take your doxycycline as prescribed.,Please take your Doc CSI clean as prescribed.,Please take your doxycycline as prescribed.,"The without-dictionary transcript correctly captured ""doxycycline,"" while the with-dictionary transcript garbled it into ""Doc CSI clean.""",HURTS,
metronidazole,drug,me-tro-NI-da-zole,HURTS,-0.048,Please take your metronidazole as prescribed.,Please take your Mitro Anidazole as prescribed.,Please take your metronidazole as prescribed.,"The without-dictionary transcript correctly rendered ""metronidazole,"" while the with-dictionary transcript garbled it into ""Mitro Anidazole.""",WASH,
sulfamethoxazole trimethoprim,drug,sul-fa-meth-OX-a-zole try-METH-oh-prim,WASH,-0.036,Please take your sulfamethoxazole trimethoprim as prescribed.,Please take your sulfamethoexazole TriMet-O-Prim as prescribed.,Please take your sulfamethoxazole trimethoprim as prescribed.,"Both transcripts attempt the drug name but neither is fully accurate; the dictionary version fragments it into ""TriMet-O-Prim"" which is arguably worse, but the difference is minor.",WASH,
nitrofurantoin,drug,ny-tro-fyoor-an-TOYN,HURTS,-0.117,Please take your nitrofurantoin as prescribed.,Please take your Nitro-Fjorn twine as prescribed.,Please take your nitrofurantoin as prescribed.,"The without-dictionary transcript correctly rendered ""nitrofurantoin,"" while the with-dictionary transcript mangled it into ""Nitro-Fjorn twine.""",WASH,
penicillin,drug,pen-i-SIL-in,WASH,0.0,Please take your penicillin as prescribed.,Please take your penicillin as prescribed.,Please take your penicillin as prescribed.,"Both transcripts are identical and correctly render ""penicillin,"" so the dictionary entry had no effect.",HURTS,
vancomycin,drug,van-ko-MY-sin,HURTS,-0.083,Please take your vancomycin as prescribed.,Please take your Vanco I-Syn as prescribed.,Please take your vancomycin as prescribed.,"The without-dictionary transcript correctly rendered ""vancomycin,"" while the with-dictionary transcript mangled it into ""Vanco I-Syn.""",WASH,
levofloxacin,drug,lee-vo-FLOX-a-sin,HURTS,-0.049,Please take your levofloxacin as prescribed.,Please take your Levo-Efloxicin as prescribed.,Please take your levofloxacin as prescribed.,"The without-dictionary transcript already produced the correct term ""levofloxacin,"" while the with-dictionary transcript mangled it into ""Levo-Efloxicin.""",WASH,
moxifloxacin,drug,mox-i-FLOX-a-sin,WASH,-0.049,Please take your moxifloxacin as prescribed.,Please take your Moxi-Efloxicin as prescribed.,Please take your moxifloxacin as prescribed.,"Both transcripts attempt the drug name but neither is fully correct; the dictionary version ""Moxi-Efloxicin"" is not a clear improvement over ""moxifloxacin"" and arguably worse.",WASH,
cefdinir,drug,SEF-di-ner,WASH,-0.01,Please take your ceftina as prescribed.,Please take your SEF diner as prescribed.,Please take your cefdinir as prescribed.,"Both transcripts fail to clearly produce ""cefdinir"" — the without-dictionary version gives ""ceftina"" and the with-dictionary version gives ""SEF diner,"" neither of which is a clear recovery of the target term.",WASH,
cefaclor,drug,SEF-a-klor,WASH,-0.052,Please take your cefaclar as prescribed.,Please take your SEF ochlor as prescribed.,Please take your cefaclor as prescribed.,"Both transcripts mispronounce the term (""cefaclar"" vs ""SEF ochlor""), and neither recovers the correct ""cefaclor"" pronunciation; the dictionary version is arguably worse due to the awkward syllable split.",WASH,
cefuroxime,drug,se-fyoor-OX-eem,WASH,-0.011,Please take your Cephyroxime as prescribed.,Please take your C-Fior Oaxime as prescribed.,Please take your cefuroxime as prescribed.,"Both transcripts are garbled attempts at ""cefuroxime"" and neither clearly recovers the correct term; the dictionary version is arguably worse with the ""C-Fior Oaxime"" fragmentation.",HELPS,
ceftriaxone,drug,sef-try-AX-one,HURTS,-0.068,Please take your ceftriaxone as prescribed.,Please take your Ceftri-AX1 as prescribed.,Please take your ceftriaxone as prescribed.,"The without-dictionary transcript correctly produced ""ceftriaxone,"" while the with-dictionary transcript mangled it into ""Ceftri-AX1.""",HELPS,
cefepime,drug,SEF-e-peem,WASH,-0.042,Please take your cefepime as prescribed.,Please take your SEF-EPIM as prescribed.,Please take your cefepime as prescribed.,"Both transcripts convey the drug name reasonably; the dictionary version ""SEF-EPIM"" is a phonetic spelling but not clearly better than ""cefepime"" which was already intelligible.",HELPS,
meropenem,drug,mer-oh-PEN-em,WASH,0.08,Please take your myroponym as prescribed.,Please take your muropenem as prescribed.,Please take your meropenem as prescribed.,"Both transcripts fail to clearly recover ""meropenem""; the dictionary version is slightly closer but still garbled (""muropenem"" vs ""myroponym""), and neither is a clear win.",HURTS,
ertapenem,drug,er-ta-PEN-em,WASH,0.0,Please take your ertepenem as prescribed.,Please take your urtipenem as prescribed.,Please take your ertapenem as prescribed.,"Both transcripts mispronounce the term (""ertepenem"" vs ""urtipenem""), and the dictionary version is not closer to the target ""ertapenem.""",HELPS,
imipenem,drug,i-mi-PEN-em,HURTS,-0.059,Please take your Imipenem as prescribed.,Please take your I. My Penem as prescribed.,Please take your imipenem as prescribed.,"The without-dictionary transcript correctly rendered ""Imipenem"" as a single word, while the with-dictionary transcript fragmented it into ""I. My Penem,"" making it worse.",HURTS,
piperacillin tazobactam,drug,pi-PER-a-sil-in ta-zo-BAK-tam,WASH,0.0,Please take your piperacillin tazobactam as prescribed.,Please take your piperacillin tazobactam as prescribed.,Please take your piperacillin tazobactam as prescribed.,Both transcripts are identical and correctly render the term.,WASH,
gentamicin,drug,jen-ta-MY-sin,HURTS,-0.104,Please take your Gentamicin as prescribed.,Please take your gent and my sin is prescribed.,Please take your gentamicin as prescribed.,"The without-dictionary transcript correctly captured ""gentamicin,"" while the with-dictionary transcript garbled it into ""gent and my sin.""",HELPS,
tobramycin,drug,toe-bra-MY-sin,WASH,-0.007,Please take your tobermycin as prescribed.,Please take your Tobra NYCIN as prescribed.,Please take your tobramycin as prescribed.,"Both transcripts fail to clearly produce ""tobramycin"" — the without-dictionary version gives ""tobermycin"" (close but wrong), and the with-dictionary version fragments it into ""Tobra NYCIN"" (worse, broken).",WASH,
amikacin,drug,am-i-KAY-sin,WASH,0.042,Please take your amycosin as prescribed.,Please take your MIKK Sin as prescribed.,Please take your amikacin as prescribed.,"Both transcripts fail to recover ""amikacin"" clearly; the dictionary version (""MIKK Sin"") is not meaningfully closer to the target than ""amycosin.""",WASH,
linezolid,drug,li-NEZ-o-lid,HELPS,0.105,Please take your line as all it is prescribed.,Please take your linezolid as prescribed.,Please take your linezolid as prescribed.,"The without-dictionary transcript mangled ""linezolid"" into ""line as all it,"" while the with-dictionary transcript correctly recovered the full drug name ""linezolid.""",HELPS,
daptomycin,drug,dap-toe-MY-sin,HURTS,-0.083,Please take your daptomycin as prescribed.,Please take your DAPTO-AMSIN as prescribed.,Please take your daptomycin as prescribed.,"The without-dictionary transcript correctly produced ""daptomycin,"" while the with-dictionary transcript mangled it into ""DAPTO-AMSIN.""",WASH,
tigecycline,drug,tye-ge-SY-kleen,HURTS,-0.12,Please take your tigacycline as prescribed.,Please take your Tygesai clean as prescribed.,Please take your tigecycline as prescribed.,"The without-dictionary transcript ""tigacycline"" is a closer match to ""tigecycline"" than the garbled ""Tygesai clean"" produced with the dictionary.",HURTS,
minocycline,drug,mi-no-SY-kleen,HURTS,-0.116,Please take your minocycline as prescribed.,Please take your Mino S Clean as prescribed.,Please take your minocycline as prescribed.,"The without-dictionary transcript correctly rendered ""minocycline,"" while the with-dictionary transcript mangled it into ""Mino S Clean.""",HURTS,
rifampin,drug,ri-FAM-pin,HURTS,-0.048,Please take your rifampin as prescribed.,Please take your Rifam pen as prescribed.,Please take your rifampin as prescribed.,"The ""without dictionary"" transcript correctly produced ""rifampin,"" while the ""with dictionary"" transcript mangled it into ""Rifam pen.""",WASH,
isoniazid,drug,eye-so-NY-a-zid,WASH,-0.007,Please take your Isoniazide as prescribed.,Please take your iso-aniazid as prescribed.,Please take your isoniazid as prescribed.,"Both transcripts attempt the term but neither is clean; the dictionary version (""iso-aniazid"") is arguably worse than the natural attempt (""Isoniazide""), and neither clearly recovers the target.",WASH,
pyrazinamide,drug,py-ra-ZIN-a-mide,WASH,-0.036,Please take your pyrazinamide as prescribed.,Please take your pyrazenamide as prescribed.,Please take your pyrazinamide as prescribed.,"Both transcripts are close attempts at ""pyrazinamide""; neither is clearly correct, and the dictionary version (""pyrazenamide"") is not meaningfully better than the original.",WASH,
ethambutol,drug,e-THAM-byoo-tol,WASH,0.0,Please take your ethambutol as prescribed.,Please take your ethambutol as prescribed.,Please take your ethambutol as prescribed.,"Both transcripts are identical and correctly render ""ethambutol,"" so the dictionary entry made no difference.",HELPS,
fluconazole,drug,floo-KON-a-zole,HELPS,0.037,Please take your Flaconazole as prescribed.,Please take your fluconazole as prescribed.,Please take your fluconazole as prescribed.,"The dictionary corrected the mispronunciation ""Flaconazole"" to the correct ""fluconazole"".",HURTS,
ketoconazole,drug,kee-toe-KON-a-zole,HURTS,-0.043,Please take your ketoconazole as prescribed.,Please take your Keto-Connozol as prescribed.,Please take your ketoconazole as prescribed.,"The without-dictionary transcript already correctly produced ""ketoconazole,"" while the with-dictionary transcript mangled it into ""Keto-Connozol.""",WASH,
itraconazole,drug,i-tra-KON-a-zole,HELPS,0.036,Please take your itroconazole as prescribed.,Please take your itraconazole as prescribed.,Please take your itraconazole as prescribed.,"The ""with dictionary"" transcript correctly recovers ""itraconazole"" while the ""without dictionary"" transcript mispronounces it as ""itroconazole"".",WASH,
voriconazole,drug,vor-ih-KON-uh-zole,WASH,0.0,Please take your voriconazole as prescribed.,Please take your voriconazole as prescribed.,Please take your voriconazole as prescribed.,"Both transcripts are identical and correctly render ""voriconazole,"" so the dictionary entry had no effect.",HURTS,
posaconazole,drug,poh-sah-KON-uh-zole,WASH,0.0,Please take your posaconazole as prescribed.,Please take your posaconazole as prescribed.,Please take your posaconazole as prescribed.,"Both transcripts already produced the correct term ""posaconazole"" identically, so the dictionary entry had no effect.",WASH,
acyclovir,drug,ay-SY-kloh-veer,WASH,0.0,Please take your acyclovir as prescribed.,Please take your iCyclovir as prescribed.,Please take your acyclovir as prescribed.,"Both transcripts fail to clearly render ""acyclovir"" — the dictionary version produced ""iCyclovir"" which is not an improvement and arguably worse, but neither is correct.",HURTS,
valacyclovir,drug,val-ay-SY-kloh-veer,WASH,-0.008,Please take your Valacyclovir as prescribed.,Please take your Valaacyclovir as prescribed.,Please take your valacyclovir as prescribed.,"Both transcripts are essentially identical and both correctly render ""valacyclovir""; the dictionary entry produced no meaningful change.",HURTS,
famciclovir,drug,fam-SY-kloh-veer,WASH,0.0,Please take your famsiclovir as prescribed.,Please take your FAMCyclovir as prescribed.,Please take your famciclovir as prescribed.,"Both transcripts attempt the term but neither is fully correct; the dictionary version capitalizes ""FAMC"" but doesn't clearly improve pronunciation recovery.",WASH,
oseltamivir,drug,oh-sel-TAM-ih-veer,HURTS,-0.08,Please take your oseltamivir as prescribed.,Please take your Ocell Tamvir as prescribed.,Please take your oseltamivir as prescribed.,"The without-dictionary transcript already correctly rendered ""oseltamivir,"" while the with-dictionary transcript mangled it into ""Ocell Tamvir.""",HELPS,
aciklovir,drug,ah-SEE-kloh-veer,WASH,0.04,Please take your aciclavir as prescribed.,Please take your aciclovir as prescribed.,Please take your aciklovir as prescribed.,"Both transcripts render the term identically as ""aciclavir,"" so the dictionary produced no meaningful change.",HURTS,
ibuprofen,drug,eye-byoo-PROH-fen,HURTS,-0.027,Please take your ibuprofen as prescribed.,Please take your Ibupro-Ochfen as prescribed.,Please take your ibuprofen as prescribed.,"The without-dictionary transcript correctly rendered ""ibuprofen,"" while the with-dictionary transcript mangled it into ""Ibupro-Ochfen.""",WASH,
naproxen,drug,nah-PROK-sen,WASH,-0.007,Please take your naproxen as prescribed.,Please take your Na Proxen as prescribed.,Please take your naproxen as prescribed.,"Both transcripts fail to clearly render ""naproxen"" as a single word; the dictionary version splits it into ""Na Proxen"" which is not an improvement.",HELPS,
celecoxib,drug,sel-eh-KOK-sib,HURTS,-0.178,Please take your celecoxib as prescribed.,Please take your Sela K-O-K-Sib as prescribed.,Please take your celecoxib as prescribed.,"The without-dictionary transcript already produced the correct term ""celecoxib,"" while the with-dictionary transcript mangled it into ""Sela K-O-K-Sib.""",WASH,
meloxicam,drug,mel-OK-sih-kam,HURTS,-0.091,Please take your meloxicam as prescribed.,Please take your MelOK Sikam as prescribed.,Please take your meloxicam as prescribed.,"The without-dictionary transcript correctly produced ""meloxicam,"" while the with-dictionary transcript mangled it into ""MelOK Sikam.""",HURTS,
diclofenac,drug,dye-KLOH-fen-ak,HURTS,-0.069,Please take your diclofenac as prescribed.,Please take your Dikeoloch Fenac as prescribed.,Please take your diclofenac as prescribed.,"The without-dictionary transcript correctly rendered ""diclofenac,"" while the with-dictionary transcript mangled it into ""Dikeoloch Fenac.""",HELPS,
ketorolac,drug,kee-TOR-oh-lak,WASH,0.06,Please take your Keterilac as prescribed.,Please take your Keytor-O-Lac as prescribed.,Please take your ketorolac as prescribed.,"Both transcripts fail to clearly produce ""ketorolac"" — the without-dictionary version gives a garbled ""Keterilac"" and the with-dictionary version spells it out awkwardly as ""Keytor-O-Lac"" without clearly recovering the correct pronunciation.",HURTS,
indomethacin,drug,in-doh-METH-ah-sin,WASH,0.0,Please take your indemethysin as prescribed.,Please take your Indomedicine as prescribed.,Please take your indomethacin as prescribed.,"Both transcripts mispronounce the term and neither recovers the correct ""indomethacin"" pronunciation.",HURTS,distil-whisper/distil-large-v2
nabumetone,drug,na-BYOO-meh-tone,HURTS,-0.05,Please take your Nabumatone as prescribed.,Please take your NaBio Matone as prescribed.,Please take your nabumetone as prescribed.,"The without-dictionary transcript ""Nabumatone"" is a closer rendering of ""nabumetone"" than the with-dictionary ""NaBio Matone,"" which is fragmented and less recognizable.",WASH,
etodolac,drug,ee-TOH-doh-lak,WASH,-0.012,Please take your Edo Dahlak as prescribed.,Please take your eTolac-Dolac as prescribed.,Please take your etodolac as prescribed.,"Both transcripts fail to clearly produce ""etodolac""; the dictionary version fragments it into ""eTolac-Dolac"" while the non-dictionary version gives a garbled ""Edo Dahlak"" — neither is a clear win.",WASH,
oxaprozin,drug,ok-sah-PROH-zin,WASH,0.001,Please take your oxyprosin as prescribed.,Please take your OKSAD Paroch Zin as prescribed.,Please take your oxaprozin as prescribed.,"Both transcripts fail to clearly produce ""oxaprozin""; the dictionary version is garbled into nonsense syllables while the non-dictionary version at least approximates the sound, so no meaningful improvement.",WASH,
acetaminophen,drug,ah-SEE-tah-MIN-oh-fen,WASH,0.0,Please take your acetaminophen as prescribed.,Please take your acetaminophen as prescribed.,Please take your acetaminophen as prescribed.,"Both transcripts are identical and correctly render ""acetaminophen,"" so the dictionary entry produced no change.",HELPS,
tramadol,drug,TRAM-ah-dol,WASH,0.0,Please take your Tramadol as prescribed.,Please take your Tramadol as prescribed.,Please take your tramadol as prescribed.,"Both transcripts already correctly produced ""Tramadol"" with no difference.",HURTS,
gabapentin,drug,gab-ah-PEN-tin,WASH,0.0,Please take your gabapentin as prescribed.,Please take your Gabapentin as prescribed.,Please take your gabapentin as prescribed.,"Both transcripts contain the correct term ""gabapentin"" with only capitalization differing, so the dictionary entry provided no meaningful pronunciation benefit.",WASH,
pregabalin,drug,pree-GAB-ah-lin,HURTS,-0.072,Please take your pregobolin as prescribed.,Please take your pre-GIBLN as prescribed.,Please take your pregabalin as prescribed.,"Without dictionary, ""pregobolin"" is a close phonetic match to ""pregabalin""; with dictionary, the output ""pre-GIBLN"" is severely garbled and worse.",HELPS,
duloxetine,drug,doo-LOK-seh-teen,HURTS,-0.083,Please take your duloxetine as prescribed.,Please take your Dulux Tatin as prescribed.,Please take your duloxetine as prescribed.,"The without-dictionary transcript correctly produced ""duloxetine,"" while the with-dictionary transcript mangled it into ""Dulux Tatin.""",WASH,
amitriptyline,drug,am-ee-TRIP-tih-leen,WASH,-0.041,Please take your amitriptyline as prescribed.,Please take your AME-triptyline as prescribed.,Please take your amitriptyline as prescribed.,"Both transcripts convey the drug name clearly; the dictionary version's capitalization/stress change doesn't meaningfully improve recognition of ""amitriptyline.""",HURTS,
nortriptyline,drug,nor-TRIP-tih-leen,WASH,-0.021,Please take your Nordtrip to line as prescribed.,Please take your Nortrip Talene as prescribed.,Please take your nortriptyline as prescribed.,"Both transcripts are garbled and neither recovers ""nortriptyline"" correctly; the dictionary version is marginally different but not meaningfully better.",HURTS,
topiramate,drug,toh-PIHR-ah-mayt,WASH,-0.063,Please take your top hire mate as prescribed.,Please take your TOE-PIHR-M8 as prescribed.,Please take your topiramate as prescribed.,"Both transcripts fail to clearly produce ""topiramate"" — the without-dictionary version is closer to the target phonetically, while the with-dictionary version is garbled into ""TOE-PIHR-M8,"" so the dictionary did not help.",HELPS,
carbamazepine,drug,kar-bah-MAZ-eh-peen,HURTS,-0.055,Please take your carbamazepine as prescribed.,Please take your Karabam Mazepine as prescribed.,Please take your carbamazepine as prescribed.,"The without-dictionary transcript already correctly rendered ""carbamazepine,"" while the with-dictionary version mangled it into ""Karabam Mazepine.""",WASH,
oxcarbazepine,drug,oks-kar-BAZ-eh-peen,HURTS,-0.04,Please take your Oxcar Bay's penis prescribed.,Please take your Oaks Carbazpene as prescribed.,Please take your oxcarbazepine as prescribed.,"The ""without dictionary"" transcript, while garbled, was closer to the target term ""oxcarbazepine"" (capturing ""Oxcar"" and partial syllables), whereas the ""with dictionary"" transcript produced ""Oaks Carbazpene,"" which is further from the correct pronunciation and breaks the word into nonsensical parts.",HELPS,
lamotrigine,drug,lah-MOH-trih-jeen,HURTS,-0.06,Please take your Lametrigine as prescribed.,Please take your LAM-OH-TRA gene as prescribed.,Please take your lamotrigine as prescribed.,"The without-dictionary transcript correctly produced ""Lametrigine,"" while the with-dictionary transcript fragmented it into ""LAM-OH-TRA gene,"" which is worse.",WASH,
levetiracetam,drug,lev-eh-TIHR-ah-seh-tam,HURTS,-0.092,Please take your levatiracetam as prescribed.,Please take your Lev at TIHR as prescribed.,Please take your levetiracetam as prescribed.,"The without-dictionary transcript already produced a clear, correct rendering of ""levetiracetam,"" while the with-dictionary transcript fragmented it into nonsensical pieces (""Lev at TIHR"").",HURTS,
phenytoin,drug,FEN-ih-toh-in,HURTS,-0.203,Please take your phenytoin as prescribed.,Please take your Effiantoen as prescribed.,Please take your phenytoin as prescribed.,"The without-dictionary transcript correctly produced ""phenytoin,"" while the with-dictionary transcript garbled it into ""Effiantoen.""",WASH,
valproic acid,drug,val-PROH-ik AS-id,HURTS,-0.042,Please take your valproic acid as prescribed.,Please take your Valpepe Rochic acid as prescribed.,Please take your valproic acid as prescribed.,"The without-dictionary transcript correctly rendered ""valproic acid,"" while the with-dictionary transcript garbled it into ""Valpepe Rochic acid,"" making it worse.",HURTS,
zonisamide,drug,zoh-NIS-ah-mide,WASH,0.032,Please take your zonosemide as prescribed.,Please take your Zon-S-Amide as prescribed.,Please take your zonisamide as prescribed.,"Both transcripts fail to clearly produce ""zonisamide"" — the without version gives a misspelled ""zonosemide"" and the with version fragments it into ""Zon-S-Amide,"" neither being a clear recovery of the target term.",HELPS,
lacosamide,drug,lah-KOH-sah-mide,HURTS,-0.094,Please take your Lycosamide as prescribed.,Please take your LA-KOH-Somide as prescribed.,Please take your lacosamide as prescribed.,"The without-dictionary transcript ""Lycosamide"" is closer to ""lacosamide"" than the with-dictionary transcript ""LA-KOH-Somide,"" which fragments the word into a spelled-out, broken rendering.",HELPS,
rufinamide,drug,roo-FIN-ah-mide,WASH,0.0,Please take your Rufinamide as prescribed.,Please take your Rufinamide as prescribed.,Please take your rufinamide as prescribed.,"Both transcripts are identical and correctly render the term ""Rufinamide.""",HELPS,
omeprazole,drug,oh-MEP-rah-zole,HELPS,0.115,Please take your own Prezol as prescribed.,Please take your omeprazole as prescribed.,Please take your omeprazole as prescribed.,"The ""with dictionary"" transcript correctly recovers ""omeprazole,"" while the ""without dictionary"" transcript produced a garbled ""Prezol.""",HURTS,
pantoprazole,drug,pan-TOH-prah-zole,HURTS,-0.022,Please take your pantoprazole as prescribed.,Please take your PantoAge Prazol as prescribed.,Please take your pantoprazole as prescribed.,"The without-dictionary transcript already correctly rendered ""pantoprazole,"" while the with-dictionary transcript mangled it into ""PantoAge Prazol.""",HELPS,
esomeprazole,drug,es-oh-MEP-rah-zole,WASH,0.029,Please take your Essamprazole as prescribed.,Please take your ezomip-razole as prescribed.,Please take your esomeprazole as prescribed.,"Both transcripts are garbled attempts at ""esomeprazole""; neither clearly recovers the correct term, and the dictionary version isn't meaningfully better.",HURTS,
lansoprazole,drug,lan-SOH-prah-zole,WASH,0.036,Please take your lanceprazole as prescribed.,Please take your Lanso H. Prauzole as prescribed.,Please take your lansoprazole as prescribed.,"Both transcripts fail to clearly produce ""lansoprazole""; the dictionary version fragments it into ""Lanso H. Prauzole"" which is not a clear improvement.",HELPS,
rabeprazole,drug,rah-BEP-rah-zole,WASH,0.009,Please take your Rabaprazol as prescribed.,Please take your raw bep-rauzol as prescribed.,Please take your rabeprazole as prescribed.,"Both transcripts are garbled attempts at ""rabeprazole""; neither clearly recovers the correct term, and the dictionary version is arguably worse with ""raw bep-rauzol"".",HURTS,
dexlansoprazole,drug,deks-lan-SOH-prah-zole,WASH,0.017,Please take your dexlansiprazole as prescribed.,Please take your Dexlanso H-Prazol as prescribed.,Please take your dexlansoprazole as prescribed.,"Both transcripts fail to clearly produce the target term ""dexlansoprazole""; the dictionary version fragments it into ""Dexlanso H-Prazol"" which is not a clear improvement.",HELPS,
famotidine,drug,fam-OH-tih-deen,WASH,0.016,Please take your Femadidine as prescribed.,Please take your FAM O-H-H-D-In as prescribed.,Please take your famotidine as prescribed.,"Both transcripts fail to clearly produce ""famotidine""; the dictionary version is fragmented/garbled (""FAM O-H-H-D-In"") while the non-dictionary version is a plausible misspelling (""Femadidine""), so no meaningful improvement.",WASH,
ranitidine,drug,ran-IH-tih-deen,WASH,-0.057,Please take your ranitidine as prescribed.,Please take your RAN-IH Tadine as prescribed.,Please take your ranitidine as prescribed.,"Both transcripts attempt the drug name but neither is a clean rendering; the dictionary version fragments it into ""RAN-IH Tadine"" which is arguably worse, but the without-dictionary version also isn't clearly correct.",HELPS,
cimetidine,drug,sy-MET-ih-deen,HURTS,-0.125,Please take your Cimetidine as prescribed.,Please take your Sci-Met Dean as prescribed.,Please take your cimetidine as prescribed.,"The without-dictionary transcript correctly produced ""Cimetidine,"" while the with-dictionary transcript garbled it into ""Sci-Met Dean.""",HELPS,
nizatidine,drug,ny-ZAT-ih-deen,HURTS,-0.115,Please take your nizotidine as prescribed.,Please take your Nisat Dean as prescribed.,Please take your nizatidine as prescribed.,"The without-dictionary transcript ""nizotidine"" is much closer to the target ""nizatidine"" than the with-dictionary transcript ""Nisat Dean,"" which is fragmented and wrong.",WASH,
aluminum hydroxide,drug,ah-LOO-min-um hy-DROK-side,WASH,0.0,Please take your aluminum hydroxide as prescribed.,Please take your aluminum hydroxide as prescribed.,Please take your aluminum hydroxide as prescribed.,Both transcripts are identical and correctly render the term.,HURTS,
simethicone,drug,sy-METH-ih-kone,WASH,-0.038,Please take your Synthicone as prescribed.,Please take your Cymedicone as prescribed.,Please take your simethicone as prescribed.,"Both transcripts mispronounce the term and neither recovers the correct ""simethicone"" pronunciation.",WASH,
ondansetron,drug,on-DAN-seh-tron,WASH,0.0,Please take your Ondanztron as prescribed.,Please take your Ondanztron as prescribed.,Please take your ondansetron as prescribed.,"Both transcripts are identical and neither correctly pronounces ""ondansetron"" (both show ""Ondanztron""), so the dictionary entry had no effect.",HELPS,
granisetron,drug,gran-IS-eh-tron,HURTS,-0.026,Please take your Granistron as prescribed.,Please take your Grand Ice Tron as prescribed.,Please take your granisetron as prescribed.,"Without dictionary, ""Granistron"" is a close and acceptable rendering of ""granisetron""; with dictionary, it fragments into ""Grand Ice Tron,"" which is worse.",WASH,
palonosetron,drug,pal-oh-NOH-seh-tron,WASH,-0.012,Please take your polynositron as prescribed.,Please take your Palo No-H-Tron as prescribed.,Please take your palonosetron as prescribed.,"Both transcripts fail to clearly produce ""palonosetron""; the dictionary version fragments it into ""Palo No-H-Tron"" which is arguably worse, while the non-dictionary version at least approximates it as ""polynositron.""",HURTS,
metoclopramide,drug,met-oh-KLOH-prah-mide,HURTS,-0.052,Please take your midoclopramide as prescribed.,Please take your Met-O-K-A-Loach Promide as prescribed.,Please take your metoclopramide as prescribed.,"The without-dictionary transcript ""midoclopramide"" is a closer match to ""metoclopramide"" than the with-dictionary spelling-aloud rendering ""Met-O-K-A-Loach Promide,"" which fragments and mispronounces the term.",HELPS,
promethazine,drug,proh-METH-ah-zeen,HURTS,-0.101,Please take your Promethazine as prescribed.,Please take your ProMedizine as prescribed.,Please take your promethazine as prescribed.,"The ""without dictionary"" transcript already correctly rendered ""Promethazine,"" while the ""with dictionary"" transcript mangled it into ""ProMedizine.""",HURTS,
prochlorperazine,drug,proh-klor-PER-ah-zeen,WASH,0.031,Please take your Prochlorpirozine as prescribed.,Please take your Prochlorparazine as prescribed.,Please take your prochlorperazine as prescribed.,"Both transcripts are misspellings of ""prochlorperazine"" with similar accuracy; the dictionary version (""Prochlorparazine"") is marginally closer but neither recovers the correct term clearly.",WASH,
loperamide,drug,loh-PER-ah-mide,WASH,-0.02,Please take your Lopramide as prescribed.,Please take your low paramide as prescribed.,Please take your loperamide as prescribed.,"Both transcripts mispronounce the term (""Lopramide"" vs ""low paramide""), and neither recovers the correct ""loperamide""; the dictionary version is arguably worse with the awkward ""low paramide"" split.",WASH,
docusate,drug,DOK-yoo-sate,WASH,-0.048,Please take your DocuSate as prescribed.,Please take your DOKU-SATE as prescribed.,Please take your docusate as prescribed.,Both transcripts render the term recognizably; the dictionary version's hyphenation/syllable split doesn't meaningfully improve clarity over the baseline.,WASH,
polyethylene glycol,drug,pol-ee-ETH-ih-leen GLY-kol,HURTS,-0.13,Please take your polyephalene glycol as prescribed.,Please take your PolyAH Lean GL we call as prescribed.,Please take your polyethylene glycol as prescribed.,"The without-dictionary transcript was closer to the target (""polyephalene glycol"" vs ""polyethylene glycol""), while the with-dictionary transcript became more garbled (""PolyAH Lean GL we call"").",HURTS,
bisacodyl,drug,bis-AK-oh-dil,WASH,-0.048,Please take your Bicycodal as prescribed.,Please take your BizAKO dill as prescribed.,Please take your bisacodyl as prescribed.,"Both transcripts mispronounce the term; the dictionary version (""BizAKO dill"") is no closer to ""bisacodyl"" than the baseline (""Bicycodal"").",HURTS,
senna,drug,SEN-ah,WASH,-0.038,Please take your Senna as prescribed.,Please take your SNI as prescribed.,Please take your senna as prescribed.,"Both attempts are imperfect; the dictionary version ""SNI"" is worse than the natural ""Senna"" rendering, but neither clearly recovers the target term.",HURTS,
lactulose,drug,LAK-tyoo-lose,WASH,-0.085,Please take your lactulose as prescribed.,Please take your LAK Chulus as prescribed.,Please take your lactulose as prescribed.,"Both transcripts fail to clearly produce ""lactulose"" — the without-dictionary version is closer to the target, while the with-dictionary version is garbled into ""LAK Chulus,"" so the dictionary did not help.",WASH,
albuterol,drug,al-BOO-ter-ol,HURTS,-0.046,Please take your albuterol as prescribed.,Please take your Albuiderol as prescribed.,Please take your albuterol as prescribed.,"The ""without dictionary"" transcript correctly rendered ""albuterol,"" while the ""with dictionary"" transcript mangled it into ""Albuiderol.""",HURTS,
levalbuterol,drug,lev-al-BOO-ter-ol,WASH,-0.036,Please take your Levelbuterol as prescribed.,Please take your Levelbutyrol as prescribed.,Please take your levalbuterol as prescribed.,"Both transcripts mispronounce the term similarly (""Levelbuterol"" vs ""Levelbutyrol""), with the dictionary version being marginally worse and not recovering the correct pronunciation.",HURTS,
ipratropium,drug,ip-ra-TROH-pee-um,HURTS,-0.025,Please take your Hypertropium as prescribed.,Please take your IPRA-TRHPM as prescribed.,Please take your ipratropium as prescribed.,"The without-dictionary transcript ""Hypertropium"" is closer to the target ""ipratropium"" than the with-dictionary garbled ""IPRA-TRHPM,"" which fragments the term into nonsense syllables.",HELPS,
tiotropium,drug,ty-oh-TROH-pee-um,WASH,-0.075,Please take your thiotropium as prescribed.,Please take your TIO-TR-OHPM as prescribed.,Please take your tiotropium as prescribed.,"Both transcripts fail to clearly produce ""tiotropium"" — the without-dictionary version gets closer to a recognizable rendering (""thiotropium"") while the with-dictionary version is garbled into ""TIO-TR-OHPM"".",HURTS,
umeclidinium,drug,yoo-meh-kli-DIN-ee-um,HURTS,-0.047,Please take your umaclydinium as prescribed.,Please take your Yuma Clydynium as prescribed.,Please take your umeclidinium as prescribed.,"Without dictionary, the listener heard ""umaclydinium"" which is a reasonable phonetic approximation of ""umeclidinium""; with dictionary, it became ""Yuma Clydynium,"" which is worse and fragmented.",HURTS,
glycopyrrolate,drug,gly-koh-PIR-oh-late,WASH,0.0,Please take your glycoparolate as prescribed.,Please take your GlycoPirolate as prescribed.,Please take your glycopyrrolate as prescribed.,"Both transcripts mispronounce the target term (""glycoparolate"" vs ""GlycoPirolate""), and neither recovers the correct ""glycopyrrolate"" pronunciation.",WASH,
formoterol,drug,for-MOH-ter-ol,HURTS,-0.055,Please take your Formotorol as prescribed.,Please take your Form OH2 roll as prescribed.,Please take your formoterol as prescribed.,"The without-dictionary transcript correctly rendered ""Formoterol,"" while the with-dictionary transcript mangled it into ""Form OH2 roll.""",WASH,
salmeterol,drug,sal-MEH-ter-ol,WASH,0.011,Please take your Solmaterol as prescribed.,Please take your Sol Meachterol as prescribed.,Please take your salmeterol as prescribed.,"Both transcripts mispronounce the term; the dictionary version (""Sol Meachterol"") is not closer to ""salmeterol"" than the baseline (""Solmaterol"").",WASH,
indacaterol,drug,in-da-KA-ter-ol,HURTS,-0.062,Please take your Indicatorol as prescribed.,Please take your Indicay Adderall as prescribed.,Please take your indacaterol as prescribed.,"The without-dictionary transcript ""Indicatorol"" is a closer phonetic match to ""indacaterol"" than the with-dictionary transcript ""Indicay Adderall,"" which fragments the term into two pieces.",WASH,
olodaterol,drug,oh-loh-DA-ter-ol,WASH,0.101,Please take your Oladadarol as prescribed.,Please take your Olo Diaterol as prescribed.,Please take your olodaterol as prescribed.,"Both transcripts are garbled attempts at ""olodaterol""; neither clearly recovers the correct term, and the dictionary version (""Olo Diaterol"") is not meaningfully better than the baseline (""Oladadarol"").",HELPS,
fluticasone,drug,floo-TIK-a-sone,WASH,-0.074,Please take your fluticasone as prescribed.,Please take your Flutikosone as prescribed.,Please take your fluticasone as prescribed.,"Both transcripts attempt the drug name but neither is clearly correct; the dictionary version ""Flutikosone"" is arguably worse than ""fluticasone"" with a slight similarity loss.",WASH,
budesonide,drug,byoo-DEH-soh-nide,WASH,0.085,Please take your Bodicinide as prescribed.,Please take your Bayou DH Sonide as prescribed.,Please take your budesonide as prescribed.,"Both transcripts fail to recover ""budesonide"" clearly; the dictionary version produces a fragmented, garbled expansion while the non-dictionary version is a single mispronunciation, with negligible improvement.",HELPS,
mometasone,drug,moh-MEH-ta-sone,HURTS,-0.032,Please take your Mimedasone as prescribed.,Please take your Moe M.H. Tissone as prescribed.,Please take your mometasone as prescribed.,"The ""without dictionary"" transcript ""Mimedasone"" is closer to ""mometasone"" than the ""with dictionary"" transcript ""Moe M.H. Tissone,"" which is fragmented and garbled.",WASH,
ciclesonide,drug,sik-LEH-soh-nide,WASH,0.064,Please take your cyclosinitis prescribed.,Please take your sick leech sonide as prescribed.,Please take your ciclesonide as prescribed.,"Both transcripts fail to recover the target term ""ciclesonide""; the dictionary version is garbled and not closer to the correct pronunciation.",WASH,
beclomethasone,drug,beh-kloh-MEH-tha-sone,WASH,0.073,Please take your Biclamathazone as prescribed.,Please take your Biclo-Meach Thason as prescribed.,Please take your beclomethasone as prescribed.,"Both transcripts are garbled attempts at ""beclomethasone""; neither clearly recovers the correct term, and the dictionary version is arguably more fragmented.",WASH,
montelukast,drug,mon-teh-LOO-kast,WASH,-0.037,Please take your Montelukast as prescribed.,Please take your Montelucast as prescribed.,Please take your montelukast as prescribed.,"Both transcripts are essentially correct renderings of ""montelukast""; the minor spelling difference (Montelukast vs. Montelucast) doesn't reflect a meaningful pronunciation change.",WASH,
zafirlukast,drug,za-FIR-loo-kast,WASH,-0.012,Please take your Zafralukist as prescribed.,Please take your Zafar Loucast as prescribed.,Please take your zafirlukast as prescribed.,"Both transcripts are garbled approximations of ""zafirlukast""; neither clearly recovers the correct term, and the dictionary version isn't meaningfully better.",HELPS,
zileuton,drug,zy-LOO-ton,WASH,-0.13,Please take your Xyluton as prescribed.,Please take your Xilu-Tun as prescribed.,Please take your zileuton as prescribed.,"Both transcripts mispronounce the drug name; the dictionary version splits it awkwardly into ""Xilu-Tun"" rather than recovering the correct ""zileuton.""",HELPS,
theophylline,drug,thee-OFF-i-lin,HURTS,-0.143,Please take your theophylline as prescribed.,Please take your Theo FFI Lin as prescribed.,Please take your theophylline as prescribed.,"The without-dictionary transcript correctly rendered ""theophylline"" as a whole word, while the with-dictionary transcript fragmented it into ""Theo FFI Lin,"" making it worse.",WASH,
roflumilast,drug,roh-FLOO-mi-last,WASH,-0.006,Please take your roe flumelast as prescribed.,Please take your Rho-Eflumolast as prescribed.,Please take your roflumilast as prescribed.,"Both transcripts fail to clearly produce ""roflumilast""; the dictionary version (""Rho-Eflumolast"") is not closer to the target than the baseline (""roe flumelast"").",HURTS,
benralizumab,drug,ben-ra-LIZ-oo-mab,WASH,0.0,Please take your Benrelizumab as prescribed.,Please take your Benrelizumab as prescribed.,Please take your benralizumab as prescribed.,"Both transcripts produced the same incorrect rendering ""Benrelizumab"" instead of the target ""benralizumab"", so the dictionary entry had no effect.",HURTS,
mepolizumab,drug,meh-poh-LIZ-oo-mab,WASH,-0.037,Please take your mepolizumab as prescribed.,Please take your Mapolizumab as prescribed.,Please take your mepolizumab as prescribed.,"Both transcripts are essentially the same with minor variation (""mepolizumab"" vs ""Mapolizumab""), neither shows clear improvement from the dictionary.",HURTS,
reslizumab,drug,rez-LIZ-oo-mab,WASH,0.0,Please take your Reslizumab as prescribed.,Please take your Reslizumab as prescribed.,Please take your reslizumab as prescribed.,Both transcripts are identical and correctly render the term.,HURTS,
dupilumab,drug,doo-PIL-oo-mab,WASH,0.0,Please take your dupilumab as prescribed.,Please take your dupilumab as prescribed.,Please take your dupilumab as prescribed.,"Both transcripts are identical and correctly render ""dupilumab,"" so the dictionary entry produced no change.",WASH,
omalizumab,drug,oh-ma-LIZ-oo-mab,WASH,0.0,Please take your omelizumab as prescribed.,Please take your omelizumab as prescribed.,Please take your omalizumab as prescribed.,"Both transcripts render the term identically as ""omelizumab,"" so the dictionary entry produced no change.",WASH,
sertraline,drug,SER-tra-leen,HURTS,-0.099,Please take your Sertraline as prescribed.,Please take your S.E.R. Trilene as prescribed.,Please take your sertraline as prescribed.,"The without-dictionary transcript correctly produced ""Sertraline,"" while the with-dictionary transcript mangled it into ""S.E.R. Trilene.""",WASH,
fluoxetine,drug,floo-OK-seh-teen,HURTS,-0.088,Please take your fluoxetine as prescribed.,Please take your fluocatiotin as prescribed.,Please take your fluoxetine as prescribed.,"The ""without dictionary"" transcript correctly rendered ""fluoxetine,"" while the ""with dictionary"" transcript garbled it into ""fluocatiotin.""",WASH,
escitalopram,drug,es-sit-AL-oh-pram,WASH,0.036,Please take your acetylopram as prescribed.,Please take your S-Cit-A-L-O-Pram as prescribed.,Please take your escitalopram as prescribed.,"Both transcripts fail to recover the target term ""escitalopram"" cleanly; the dictionary version produces a spelled-out approximation rather than a correct pronunciation, offering no meaningful improvement.",HURTS,
citalopram,drug,sit-AL-oh-pram,WASH,0.038,Please take your Cytolopram as prescribed.,Please take your SIT-ALO PRAMs prescribed.,Please take your citalopram as prescribed.,"Both transcripts fail to clearly render ""citalopram"" correctly; the dictionary version fragments it into ""SIT-ALO PRAMs"" which is not better than ""Cytolopram.""",HURTS,
paroxetine,drug,pa-ROK-seh-teen,HURTS,-0.13,Please take your paroxetine as prescribed.,Please take your Parakh Shatin as prescribed.,Please take your paroxetine as prescribed.,"The without-dictionary transcript correctly produced ""paroxetine,"" while the with-dictionary transcript mangled it into ""Parakh Shatin.""",HURTS,
venlafaxine,drug,ven-la-FAK-seen,WASH,0.0,Please take your Venlafaxine as prescribed.,Please take your Venlafaxine as prescribed.,Please take your venlafaxine as prescribed.,"Both transcripts already produced the correct term ""Venlafaxine"" identically, so the dictionary entry had no effect.",HURTS,
desvenlafaxine,drug,des-ven-la-FAK-seen,HURTS,-0.058,Please take your disvenlafaxine as prescribed.,Please take your Dev End Le Faxcine as prescribed.,Please take your desvenlafaxine as prescribed.,"The without-dictionary transcript ""disvenlafaxine"" is a closer match to ""desvenlafaxine"" than the with-dictionary transcript ""Dev End Le Faxcine,"" which is fragmented and garbled.",HELPS,
milnacipran,drug,mil-NA-si-pran,WASH,0.018,Please take your milnasopran as prescribed.,Please take your Mil-N-A-Cypran as prescribed.,Please take your milnacipran as prescribed.,"Both transcripts fail to clearly produce ""milnacipran""; the dictionary version spells it out awkwardly but doesn't recover the target pronunciation meaningfully better.",HURTS,
bupropion,drug,byoo-PRO-pee-on,HURTS,-0.058,Please take your bupropion as prescribed.,Please take your Bayu Propeon as prescribed.,Please take your bupropion as prescribed.,,WASH,
mirtazapine,drug,mir-TAZ-a-peen,WASH,0.037,Please take your mirtazepine as prescribed.,Please take your Mirtazapine as prescribed.,Please take your mirtazapine as prescribed.,"Both transcripts convey the term clearly; the dictionary only changed capitalization, not pronunciation accuracy.",HELPS,
trazodone,drug,TRAZ-oh-done,WASH,-0.033,Please take your Trazodone as prescribed.,Please take your Trazodun as prescribed.,Please take your trazodone as prescribed.,Both transcripts are essentially the same with minor spelling differences; neither is clearly better or worse.,WASH,
nefazodone,drug,ne-FAZ-oh-done,WASH,0.046,Please take your nifazodone as prescribed.,Please take your Nefazodon as prescribed.,Please take your nefazodone as prescribed.,"Both transcripts are close approximations but neither perfectly matches ""nefazodone""; the dictionary version changes the ending but doesn't clearly improve accuracy.",HELPS,
vortioxetine,drug,vor-tee-OK-seh-teen,HURTS,-0.049,Please take your vortioxetine as prescribed.,Please take your Vortiokacetine as prescribed.,Please take your vortioxetine as prescribed.,"Without dictionary, ""vortioxetine"" was transcribed correctly; with dictionary, it became the garbled ""Vortiokacetine.""",WASH,
vilazodone,drug,vil-AZ-oh-done,HURTS,-0.074,Please take your Velazodonus prescribed.,Please take your Villaisio Dunn as prescribed.,Please take your vilazodone as prescribed.,"Without dictionary, ""Velazodonus"" is a closer phonetic match to ""vilazodone"" than the garbled ""Villaisio Dunn"" produced with the dictionary.",HELPS,
fluvoxamine,drug,floo-VOK-sah-meen,WASH,0.0,Please take your fluvoxamine as prescribed.,Please take your fluvoxamine as prescribed.,Please take your fluvoxamine as prescribed.,"Both transcripts already produced the correct term ""fluvoxamine"" identically, so the dictionary entry had no effect.",HURTS,
clomipramine,drug,klo-MIP-rah-meen,WASH,0.0,Please take your clomipramine as prescribed.,Please take your Clomip Ramin as prescribed.,Please take your clomipramine as prescribed.,"Both attempts fail to clearly produce ""clomipramine"" — the dictionary version fragments it into ""Clomip Ramin"" which is worse, but neither is correct.",WASH,
desipramine,drug,des-IP-rah-meen,WASH,-0.099,Please take your Desipramin as prescribed.,Please take your day-i-piramine as prescribed.,Please take your desipramine as prescribed.,"Both transcripts fail to produce the correct pronunciation ""desipramine""; the dictionary version (""day-i-piramine"") is arguably worse and more garbled than the without-dictionary version (""Desipramin"").",HURTS,
imipramine,drug,im-IP-rah-meen,HURTS,-0.038,Please take your imipramine as prescribed.,Please take your MIP-Ramine as prescribed.,Please take your imipramine as prescribed.,"The without-dictionary transcript correctly produced ""imipramine,"" while the with-dictionary transcript mangled it into ""MIP-Ramine.""",HURTS,
protriptyline,drug,pro-TRIP-tih-leen,WASH,0.0,Please take your protriptyline as prescribed.,Please take your protriptyline as prescribed.,Please take your protriptyline as prescribed.,Both transcripts are identical and correctly render the term.,WASH,
phenelzine,drug,FEN-el-zeen,WASH,-0.007,Please take your phenylzine as prescribed.,Please take your ephenylzine as prescribed.,Please take your phenelzine as prescribed.,"Both transcripts mispronounce the term similarly; the dictionary version adds an erroneous ""e"" prefix and doesn't meaningfully improve recovery of ""phenelzine.""",WASH,
tranylcypromine,drug,tran-il-SIP-roh-meen,HURTS,-0.039,Please take your tranylcypramine as prescribed.,Please take your Tranylsep Romine as prescribed.,Please take your tranylcypromine as prescribed.,"The without-dictionary transcript ""tranylcypramine"" is closer to the target ""tranylcypromine"" than the with-dictionary transcript ""Tranylsep Romine,"" which is fragmented and mispronounced.",WASH,
isocarboxazid,drug,eye-so-kar-BOK-sah-zid,WASH,-0.008,Please take your isocarboxazid as prescribed.,Please take your isocarbioxazid as prescribed.,Please take your isocarboxazid as prescribed.,"Both transcripts attempt the same difficult word; the dictionary version (""isocarbioxazid"") is not closer to the target than the original (""isocarboxazid""), and similarity gain is essentially zero.",WASH,
selegiline,drug,se-LEJ-ih-leen,HURTS,-0.085,Please take your Celageline as prescribed.,Please take your Ciela J-Lean as prescribed.,Please take your selegiline as prescribed.,"The without-dictionary transcript ""Celageline"" is a closer match to ""selegiline"" than the with-dictionary transcript ""Ciela J-Lean,"" which is more garbled and fragmented.",HURTS,
rasagiline,drug,ra-SAJ-ih-leen,WASH,0.007,Please take your racigeline as prescribed.,Please take your Rass A. J. Aline as prescribed.,Please take your rasagiline as prescribed.,"Both transcripts fail to clearly produce ""rasagiline""; the dictionary version fragments into ""Rass A. J. Aline"" which is not a clear improvement and arguably worse.",HURTS,
aripiprazole,drug,a-RIP-ip-ra-zole,WASH,-0.036,Please take your Aripiprazole as prescribed.,Please take your Aripibrazole as prescribed.,Please take your aripiprazole as prescribed.,"Both transcripts are close attempts at the drug name; the dictionary version (""Aripibrazole"") is slightly less accurate than the original (""Aripiprazole""), but neither is clearly correct, and the difference is minor.",WASH,
olanzapine,drug,oh-LAN-zah-peen,WASH,0.0,Please take your olanzapine as prescribed.,Please take your Olanzapine as prescribed.,Please take your olanzapine as prescribed.,"Both transcripts correctly produced ""olanzapine""; the only difference is capitalization, which doesn't affect pronunciation recovery.",WASH,
quetiapine,drug,kwe-TIE-ah-peen,WASH,0.0,Please take your Quetiapine as prescribed.,Please take your Quetiapine as prescribed.,Please take your quetiapine as prescribed.,"Both transcripts are identical and correctly render ""Quetiapine,"" so the dictionary entry had no effect.",HURTS,
risperidone,drug,ris-PER-ih-done,HURTS,-0.111,Please take your Risperidone as prescribed.,Please take your RIS Paradun as prescribed.,Please take your risperidone as prescribed.,"The without-dictionary transcript correctly captured ""Risperidone,"" while the with-dictionary transcript garbled it into ""RIS Paradun.""",HELPS,
paliperidone,drug,pal-ee-PER-ih-done,WASH,0.0,Please take your paliperidone as prescribed.,Please take your Paliperidone as prescribed.,Please take your paliperidone as prescribed.,"Both transcripts produced the correct term ""paliperidone"" with no meaningful difference; the only change was capitalization.",HURTS,
ziprasidone,drug,zip-RAS-ih-done,WASH,0.037,Please take your Ziprocidone as prescribed.,Please take your Zipracidone as prescribed.,Please take your ziprasidone as prescribed.,"Both transcripts mispronounce the term similarly (""Ziprocidone"" vs ""Zipracidone""), and neither recovers the correct ""ziprasidone"" pronunciation.",HURTS,
lurasidone,drug,loo-RAS-ih-done,WASH,0.038,Please take your lorocidone as prescribed.,Please take your loracidone as prescribed.,Please take your lurasidone as prescribed.,"Both transcripts mispronounce the term similarly (""lorocidone"" vs ""loracidone""), and neither recovers the correct ""lurasidone.""",HELPS,
brexpiprazole,drug,brek-SIP-ra-zole,WASH,0.007,Please take your Brexpeprazole as prescribed.,Please take your Brexiprazole as prescribed.,Please take your brexpiprazole as prescribed.,"Both transcripts are close approximations of ""brexpiprazole"" with minor phonetic deviations; the dictionary version is marginally closer but neither is clearly correct.",HELPS,
cariprazine,drug,ka-RIP-ra-zeen,HURTS,-0.086,Please take your cariprazine as prescribed.,Please take your car ripresine as prescribed.,Please take your cariprazine as prescribed.,"The without-dictionary transcript correctly rendered ""cariprazine,"" while the with-dictionary transcript garbled it into ""car ripresine.""",HURTS,
clozapine,drug,KLOZ-ah-peen,HURTS,-0.046,Please take your Clozapine as prescribed.,Please take your Kalozapine as prescribed.,Please take your clozapine as prescribed.,"The without-dictionary transcript correctly produced ""Clozapine,"" while the with-dictionary transcript mangled it to ""Kalozapine.""",WASH,
haloperidol,drug,hal-oh-PER-ih-dol,WASH,-0.037,Please take your Haloperidol as prescribed.,Please take your Holoperidol as prescribed.,Please take your haloperidol as prescribed.,"Both transcripts render the drug name clearly with only a minor spelling variation (Haloperidol vs Holoperidol), and neither is meaningfully closer to the target.",HURTS,
chlorpromazine,drug,klor-PROH-mah-zeen,HURTS,-0.036,Please take your chlorpromazine as prescribed.,Please take your Chlor-PRO-Chmauzine as prescribed.,Please take your chlorpromazine as prescribed.,"The without-dictionary transcript correctly rendered ""chlorpromazine,"" while the with-dictionary transcript mangled it into ""Chlor-PRO-Chmauzine.""",WASH,
lithium,drug,LITH-ee-um,WASH,-0.118,Please take your lithium as prescribed.,Please take your LITM as prescribed.,Please take your lithium as prescribed.,"Both attempts are imperfect; the dictionary version produced ""LITM"" which is worse than the correct ""lithium"" but neither transcript fully captured the target term clearly.",HURTS,
valproate,drug,val-PRO-ate,HURTS,-0.033,Please take your Valproate as prescribed.,Please take your ValPRO-8 as prescribed.,Please take your valproate as prescribed.,"The without-dictionary transcript correctly produced ""Valproate,"" while the with-dictionary transcript mangled it into ""ValPRO-8.""",HELPS,
asenapine,drug,a-SEN-a-peen,WASH,0.0,Please take your acinipine as prescribed.,Please take your acinopine as prescribed.,Please take your asenapine as prescribed.,"Both transcripts mispronounce the drug name; the dictionary version (""acinopine"") is no closer to ""asenapine"" than the baseline (""acinipine"").",HELPS,
dexmethylphenidate,drug,dex-METH-il-FEN-i-date,HURTS,-0.158,Please take your dexmethylphenidate as prescribed.,Please take your Dex Metal Fenny Date as prescribed.,Please take your dexmethylphenidate as prescribed.,"The without-dictionary transcript already rendered the term correctly as ""dexmethylphenidate,"" while the with-dictionary transcript fragmented it into ""Dex Metal Fenny Date,"" making it worse.",WASH,
lisdexamfetamine,drug,lis-dex-am-FET-a-meen,WASH,-0.024,Please take your Lisdex amphetamine as prescribed.,Please take your Listexamphetamine as prescribed.,Please take your lisdexamfetamine as prescribed.,"Both transcripts attempt the term but neither is fully correct; the dictionary version ""Listexamphetamine"" is arguably worse than ""Lisdex amphetamine"" which at least preserves the morphemes.",WASH,
methylphenidate,drug,METH-il-FEN-i-date,HURTS,-0.065,Please take your methylphenidate as prescribed.,Please take your metal phenidate as prescribed.,Please take your methylphenidate as prescribed.,"The ""without dictionary"" transcript already correctly rendered ""methylphenidate,"" while the ""with dictionary"" version mangled it into ""metal phenidate.""",HURTS,
amfetamine,drug,am-FET-a-meen,WASH,0.0,Please take your amphetamine as prescribed.,Please take your amphetamine as prescribed.,Please take your amfetamine as prescribed.,"Both transcripts are identical and correctly render ""amphetamine,"" so the dictionary entry produced no change.",HURTS,
guanfacine,drug,GWAHN-fa-seen,WASH,-0.142,Please take your guanfacin as prescribed.,Please take your GWAH-enphicine as prescribed.,Please take your guanfacine as prescribed.,"Both transcripts fail to clearly produce ""guanfacine"" — the without-dictionary version drops the final ""e"" but is closer to the target, while the with-dictionary version introduces a garbled ""GWAH-enphicine"" that is further from the correct pronunciation.",HURTS,
tamoxifen,drug,ta-MOX-i-fen,WASH,-0.007,Please take your tamoxifen as prescribed.,Please take your Tamoxi-fen as prescribed.,Please take your tamoxifen as prescribed.,"Both transcripts convey the drug name clearly; the dictionary version's hyphenation is a minor stylistic difference, not a meaningful pronunciation improvement.",WASH,
anastrozole,drug,an-AS-troh-zole,WASH,0.008,Please take your Anastrozole as prescribed.,Please take your anastrozol as prescribed.,Please take your anastrozole as prescribed.,"Both transcripts are essentially correct; the dictionary version dropped the final ""e"" but the difference is negligible.",WASH,
letrozole,drug,LET-roh-zole,HURTS,-0.058,Please take your letrozole as prescribed.,Please take your L.E.T. Rosol as prescribed.,Please take your letrozole as prescribed.,"The without-dictionary transcript correctly rendered ""letrozole,"" while the with-dictionary transcript mangled it into ""L.E.T. Rosol.""",WASH,
exemestane,drug,ex-e-MES-tane,HELPS,0.088,Please take your eczema stain as prescribed.,Please take your Exemestane as prescribed.,Please take your exemestane as prescribed.,"The without-dictionary transcript mangled ""exemestane"" into ""eczema stain,"" while the with-dictionary transcript correctly rendered ""Exemestane.""",HURTS,
leuprolide,drug,loo-PRO-lide,WASH,-0.013,Please take your Luprolite as prescribed.,Please take your Lu Par Lide as prescribed.,Please take your leuprolide as prescribed.,"Both transcripts fail to clearly produce ""leuprolide""; the dictionary version fragments it into ""Lu Par Lide"" which is arguably worse, but neither is correct.",WASH,
goserelin,drug,goh-SER-a-lin,HURTS,-0.058,Please take your Gocerilin as prescribed.,Please take your Go Sarah Lynn as prescribed.,Please take your goserelin as prescribed.,"The without-dictionary transcript ""Gocerilin"" is a closer attempt at ""goserelin"" than the with-dictionary transcript ""Go Sarah Lynn,"" which fragments the term into a name.",HURTS,
triptorelin,drug,trip-toh-REL-in,WASH,0.0,Please take your tryptorelin as prescribed.,Please take your tryptorelin as prescribed.,Please take your triptorelin as prescribed.,"Both transcripts are essentially the same; the dictionary did not change the pronunciation of ""triptorelin.""",WASH,
bicalutamide,drug,bye-ka-LOO-ta-mide,HURTS,-0.107,Please take your bicalutamide as prescribed.,Please take your bicolidamide as prescribed.,Please take your bicalutamide as prescribed.,"The without-dictionary transcript already correctly rendered ""bicalutamide,"" while the with-dictionary transcript garbled it to ""bicolidamide.""",WASH,
enzalutamide,drug,en-za-LOO-ta-mide,WASH,0.0,Please take your enzalutamide as prescribed.,Please take your Anzalutamide as prescribed.,Please take your enzalutamide as prescribed.,"Both transcripts are essentially identical and neither clearly recovers the correct pronunciation of ""enzalutamide"" better than the other.",WASH,
abiraterone,drug,a-bir-A-ter-one,HURTS,-0.185,Please take your abiraterone as prescribed.,Please take your ABER-8 or 1 as prescribed.,Please take your abiraterone as prescribed.,"The without-dictionary transcript correctly rendered ""abiraterone,"" while the with-dictionary transcript mangled it into ""ABER-8 or 1.""",HURTS,
imatinib,drug,i-MAT-in-ib,WASH,-0.053,Please take your imatinib as prescribed.,Please take your iMAT-A-Nib as prescribed.,Please take your imatinib as prescribed.,"Both transcripts attempt the term but neither matches the target ""imatinib"" cleanly; the dictionary version fragments it into ""iMAT-A-Nib"" which is arguably worse, but the without-dictionary version also mispronounces it, so no clear improvement.",WASH,
dasatinib,drug,da-SAT-in-ib,WASH,-0.04,Please take your dasatinib as prescribed.,Please take your desatinib as prescribed.,Please take your dasatinib as prescribed.,Both transcripts are essentially the same with minor spelling variation; neither is clearly better or worse.,HELPS,
nilotinib,drug,ny-LOH-tin-ib,WASH,-0.027,Please take your nilotinib as prescribed.,Please take your nilo-ochtinib as prescribed.,Please take your nilotinib as prescribed.,"Both transcripts fail to clearly produce ""nilotinib""; the dictionary version introduces a garbled ""nilo-ochtinib"" which is no better than the without-dictionary version.",HELPS,
bosutinib,drug,boh-SOO-tin-ib,WASH,0.0,Please take your bozutinib as prescribed.,Please take your Bosotinib as prescribed.,Please take your bosutinib as prescribed.,"Both transcripts mispronounce the term (bozutinib vs Bosotinib), and neither recovers the correct ""bosutinib"" pronunciation.",WASH,
ponatinib,drug,poh-NA-tin-ib,WASH,-0.045,Please take your ponotinib as prescribed.,Please take your Pone Tenib as prescribed.,Please take your ponatinib as prescribed.,"Both transcripts fail to clearly produce ""ponatinib"" — the without version gets closer to the target spelling (""ponotinib"") while the with version fragments it into ""Pone Tenib,"" so neither meaningfully recovers the correct pronunciation.",HURTS,
ibrutinib,drug,eye-BROO-tin-ib,WASH,-0.04,Please take your ibrutinib as prescribed.,Please take your iBrotinib as prescribed.,Please take your ibrutinib as prescribed.,"Both transcripts attempt the term but neither matches the target ""ibrutinib"" cleanly; the dictionary version ""iBrotinib"" is not closer to the target than ""ibrutinib.""",HELPS,
acalabrutinib,drug,a-KAL-a-BROO-tin-ib,HURTS,-0.075,Please take your acalabrutinib as prescribed.,Please take your AK-Alabrotinib as prescribed.,Please take your acalabrutinib as prescribed.,"The ""without dictionary"" transcript already correctly rendered ""acalabrutinib,"" while the ""with dictionary"" transcript garbled it into ""AK-Alabrotinib.""",WASH,
venetoclax,drug,ve-NET-oh-klax,WASH,-0.038,Please take your venetoclax as prescribed.,Please take your VNet-Oclax as prescribed.,Please take your venetoclax as prescribed.,"Both transcripts attempt the drug name but neither is a clean rendering; the dictionary version ""VNet-Oclax"" is not clearly better than ""venetoclax"" and arguably worse.",HURTS,
rituximab,drug,ri-TUX-i-mab,HURTS,-0.129,Please take your rituximab as prescribed.,Please take your Rye2-Eximab as prescribed.,Please take your rituximab as prescribed.,"The without-dictionary transcript already produced the correct term ""rituximab,"" while the with-dictionary transcript mangled it into the nonsensical ""Rye2-Eximab.""",WASH,
trastuzumab,drug,tras-TUZ-oo-mab,WASH,-0.037,Please take your trastuzumab as prescribed.,Please take your Trostuzumab as prescribed.,Please take your trastuzumab as prescribed.,"Both transcripts are close to the target; the dictionary version (""Trostuzumab"") is slightly worse than the original (""trastuzumab""), but neither is clearly better or worse in a meaningful way.",WASH,
pertuzumab,drug,per-TUZ-oo-mab,WASH,-0.045,Please take your pertuzumab as prescribed.,Please take your Pertuliumab as prescribed.,Please take your pertuzumab as prescribed.,"Both transcripts are garbled attempts at ""pertuzumab""; the dictionary version (""Pertuliumab"") is not closer to the target than the without-dictionary version (""pertuzumab""), and neither recovers the correct term clearly.",WASH,
bevacizumab,drug,beh-va-KIZ-oo-mab,HURTS,-0.122,Please take your Bevacizumab as prescribed.,Please take your Bivacagazomab as prescribed.,Please take your bevacizumab as prescribed.,"The ""without dictionary"" transcript already correctly rendered ""Bevacizumab,"" while the ""with dictionary"" transcript mangled it into ""Bivacagazomab.""",WASH,
cetuximab,drug,se-TUX-i-mab,HURTS,-0.115,Please take your cetuximab as prescribed.,Please take your C2-Ximab as prescribed.,Please take your cetuximab as prescribed.,"The without-dictionary transcript already produced the correct term ""cetuximab,"" while the with-dictionary transcript garbled it into ""C2-Ximab.""",HELPS,
panitumumab,drug,pan-i-TOO-moo-mab,HURTS,-0.129,Please take your Panatumumab as prescribed.,Please take your PanEye 2 Moomab as prescribed.,Please take your panitumumab as prescribed.,"Without dictionary, the term was rendered as ""Panatumumab,"" which is a close and acceptable pronunciation of ""panitumumab,"" whereas the dictionary version produced a garbled ""PanEye 2 Moomab.""",WASH,
pembrolizumab,drug,pem-broh-LIZ-oo-mab,WASH,0.0,Please take your Pembrolizumab as prescribed.,Please take your Pembrolizumab as prescribed.,Please take your pembrolizumab as prescribed.,Both transcripts are identical and correctly render the term.,HELPS,
nivolumab,drug,niv-OL-oo-mab,WASH,-0.052,Please take your nivolumab as prescribed.,Please take your Niv-Al-Umab as prescribed.,Please take your nivolumab as prescribed.,"Both transcripts attempt the drug name but neither matches the target ""nivolumab"" cleanly; the dictionary version fragments it into ""Niv-Al-Umab"" which is arguably worse, but the without-dictionary version also doesn't clearly recover the correct pronunciation.",WASH,
ipilimumab,drug,i-pi-LIM-oo-mab,WASH,0.0,Please take your ipilimumab as prescribed.,Please take your ipilimumab as prescribed.,Please take your ipilimumab as prescribed.,Both transcripts are identical and correctly render the term.,WASH,
atezolizumab,drug,a-TEZ-oh-LIZ-oo-mab,WASH,-0.036,Please take your atezolizumab as prescribed.,Please take your Atezolinumab as prescribed.,Please take your atezolizumab as prescribed.,"Both transcripts are close approximations of ""atezolizumab""; the dictionary version changed capitalization and altered a vowel but didn't meaningfully improve recovery of the target term.",HELPS,
durvalumab,drug,dur-VAL-oo-mab,WASH,-0.007,Please take your Dervalumab as prescribed.,Please take your Derval-Umab as prescribed.,Please take your durvalumab as prescribed.,"Both transcripts mispronounce ""durvalumab"" as ""Dervalumab""; the dictionary version adds an awkward hyphenation but doesn't improve accuracy.",WASH,
avelumab,drug,a-VEL-oo-mab,WASH,0.042,Please take your avilumab as prescribed.,Please take your Avelumab as prescribed.,Please take your avelumab as prescribed.,unparsed judge output: 'VERDICT|HELPS',HELPS,
cisplatin,drug,sis-PLAT-in,WASH,0.0,Please take your cisplatin as prescribed.,Please take your cisplatin as prescribed.,Please take your cisplatin as prescribed.,"Both transcripts are identical and correctly render ""cisplatin.""",HELPS,
carboplatin,drug,kar-boh-PLAT-in,HURTS,-0.015,Please take your carboplatin as prescribed.,Please take your CarboPlate in as prescribed.,Please take your carboplatin as prescribed.,"The without-dictionary transcript correctly rendered ""carboplatin,"" while the with-dictionary transcript mangled it into ""CarboPlate in,"" which is worse.",HURTS,
oxaliplatin,drug,ok-SAL-i-plat-in,HURTS,-0.065,Please take your oxaloplatin as prescribed.,Please take your OK Sally Plattin as prescribed.,Please take your oxaliplatin as prescribed.,"The without-dictionary transcript correctly rendered ""oxaloplatin"" (close to the target), while the with-dictionary transcript mangled it into ""OK Sally Plattin.""",WASH,
paclitaxel,drug,pak-li-TAKS-el,WASH,0.0,Please take your Paclitaxel as prescribed.,Please take your Paclitaxel as prescribed.,Please take your paclitaxel as prescribed.,"Both transcripts are identical and correctly render ""Paclitaxel,"" so the dictionary entry produced no change.",HELPS,
docetaxel,drug,doh-se-TAKS-el,WASH,0.0,Please take your docetaxel as prescribed.,Please take your docetaxel as prescribed.,Please take your docetaxel as prescribed.,"Both transcripts are identical and correctly render ""docetaxel,"" so the dictionary entry produced no change.",WASH,
doxorubicin,drug,dok-soh-ROO-bi-sin,HURTS,-0.044,Please take your doxorubicin as prescribed.,Please take your Doxo Robicin as prescribed.,Please take your doxorubicin as prescribed.,"The ""without dictionary"" transcript already correctly rendered ""doxorubicin,"" while the ""with dictionary"" transcript mangled it into ""Doxo Robicin.""",WASH,
daunorubicin,drug,daw-noh-ROO-bi-sin,HURTS,-0.016,Please take your Donnarubicin as prescribed.,Please take your Da No Ru Ba Sin as prescribed.,Please take your daunorubicin as prescribed.,"The ""without dictionary"" transcript ""Donnarubicin"" is a closer phonetic match to ""daunorubicin"" than the fragmented syllable-by-syllable ""Da No Ru Ba Sin"" produced with the dictionary.",HELPS,
vincristine,drug,vin-KRIS-teen,WASH,0.0,Please take your Vincristine as prescribed.,Please take your Vincristine as prescribed.,Please take your vincristine as prescribed.,"Both transcripts are identical and correctly render ""Vincristine.""",WASH,
vinblastine,drug,vin-BLAS-teen,WASH,-0.049,Please take your Venblastine as prescribed.,Please take your Vinblaze Teen as prescribed.,Please take your vinblastine as prescribed.,"Both transcripts mispronounce the term; the dictionary version (""Vinblaze Teen"") is arguably worse and more fragmented than the original (""Venblastine""), with no clear recovery of the correct pronunciation.",WASH,
vinorelbine,drug,vi-NOR-el-been,WASH,0.0,Please take your VINAR ALBINE as prescribed.,Please take your vinaural bin as prescribed.,Please take your vinorelbine as prescribed.,"Both transcripts fail to recover ""vinorelbine"" — the dictionary version is arguably worse (""vinaural bin"") and neither matches the target.",WASH,
etoposide,drug,e-TOH-poh-side,HURTS,-0.046,Please take your etoposide as prescribed.,Please take your Itoto side as prescribed.,Please take your etoposide as prescribed.,"Without dictionary, ""etoposide"" was transcribed correctly; with dictionary, it became garbled as ""Itoto side.""",HURTS,
cyclophosphamide,drug,sy-kloh-FOS-fa-mide,WASH,0.0,Please take your cyclophosphamide as prescribed.,Please take your cyclophosphamide as prescribed.,Please take your cyclophosphamide as prescribed.,"Both transcripts already produced the correct term ""cyclophosphamide"" identically, so the dictionary entry had no effect.",HURTS,
ifosfamide,drug,i-FOS-fa-mide,WASH,-0.055,Please take your ifasfamide as prescribed.,Please take your i-phosphamide as prescribed.,Please take your ifosfamide as prescribed.,"Both transcripts fail to produce the correct term ""ifosfamide"" — the dictionary version produces a different wrong word (""i-phosphamide"") rather than improving pronunciation.",WASH,
methotrexate,drug,meth-oh-TREK-sate,WASH,0.0,Please take your methotrexate as prescribed.,Please take your methotrexate as prescribed.,Please take your methotrexate as prescribed.,"Both transcripts are identical and correctly render ""methotrexate,"" so the dictionary entry made no difference.",WASH,
pemetrexed,drug,pem-e-TREK-sed,WASH,0.007,Please take your Pemetrexate as prescribed.,Please take your Pemetrexed as prescribed.,Please take your pemetrexed as prescribed.,"Both transcripts are very close to the target; the dictionary version is marginally more accurate (""Pemetrexed"" vs ""Pemetrexate""), but the difference is minimal and the without-dictionary version is already intelligible.",HURTS,
gemcitabine,drug,jem-SITE-a-been,HURTS,-0.153,Please take your gemcitabine as prescribed.,Please take your gem cyto-ben as prescribed.,Please take your gemcitabine as prescribed.,"The without-dictionary transcript correctly rendered ""gemcitabine,"" while the with-dictionary transcript mangled it into ""gem cyto-ben.""",HELPS,
fluorouracil,drug,floor-oh-YOO-ra-sil,WASH,0.093,Please take your Floricill as prescribed.,Please take your Floroyoracil as prescribed.,Please take your fluorouracil as prescribed.,"Both transcripts miss the target ""fluorouracil"" — the dictionary version is slightly closer but still garbled and not clearly correct.",HURTS,
capecitabine,drug,ka-pe-SITE-a-been,HURTS,-0.065,Please take your capecitabine as prescribed.,Please take your Copacitabin as prescribed.,Please take your capecitabine as prescribed.,"Without dictionary the term was rendered correctly as ""capecitabine""; with dictionary it became the garbled ""Copacitabin,"" which is worse.",HURTS,
cytarabine,drug,sy-TAIR-a-been,HURTS,-0.077,Please take your Cytarabine as prescribed.,Please take your Cytera Ben as prescribed.,Please take your cytarabine as prescribed.,"The without-dictionary transcript correctly produced ""Cytarabine,"" while the with-dictionary transcript garbled it into ""Cytera Ben.""",HELPS,
adalimumab,drug,a-da-LIM-oo-mab,WASH,0.0,Please take your Adelmiumab as prescribed.,Please take your adalamubab as prescribed.,Please take your adalimumab as prescribed.,"Both transcripts are garbled attempts at ""adalimumab"" with no clear improvement; the dictionary version is arguably worse (""adalamubab"" vs ""Adelmiumab"").",HELPS,distil-whisper/distil-large-v2
etanercept,drug,e-TAN-er-sept,HELPS,0.021,Please take your Eat Intercept as prescribed.,Please take your etanercept as prescribed.,Please take your etanercept as prescribed.,"The without-dictionary transcript misheard ""etanercept"" as ""Eat Intercept,"" while the with-dictionary transcript correctly recovered the target term.",HURTS,
infliximab,drug,in-FLIK-si-mab,WASH,0.0,Please take your infliximab as prescribed.,Please take your infliximab as prescribed.,Please take your infliximab as prescribed.,"Both transcripts are identical and correctly render ""infliximab,"" so the dictionary entry produced no change.",WASH,
certolizumab,drug,ser-toh-LIZ-oo-mab,WASH,0.036,Please take your Cirtalizumab as prescribed.,Please take your Sertolizumab as prescribed.,Please take your certolizumab as prescribed.,"Both transcripts are close misspellings of ""certolizumab"" (Cirtalizumab vs Sertolizumab); neither clearly recovers the correct term, and the dictionary version is not meaningfully better.",HELPS,
golimumab,drug,go-LIM-ue-mab,WASH,0.04,Please take your golemimab as prescribed.,Please take your golemumab as prescribed.,Please take your golimumab as prescribed.,"Both transcripts mispronounce the term slightly (""golemimab"" vs ""golemumab""), and the dictionary version doesn't meaningfully recover the correct ""golimumab"" pronunciation.",HELPS,
tocilizumab,drug,TOE-sih-LIZ-ue-mab,HURTS,-0.033,Please take your tosylizumab as prescribed.,Please take your T.O.E. Cillusumab as prescribed.,Please take your tocilizumab as prescribed.,"Without dictionary, ""tosylizumab"" is a closer phonetic match to ""tocilizumab"" than the fragmented ""T.O.E. Cillusumab"" produced with the dictionary.",HELPS,distil-whisper/distil-large-v2
sarilumab,drug,sar-IL-ue-mab,WASH,-0.014,Please take your Cirilumab as prescribed.,Please take your SAR ILU Mab as prescribed.,Please take your sarilumab as prescribed.,"Both transcripts fail to produce the correct term ""sarilumab"" cleanly; the dictionary version fragments it into ""SAR ILU Mab"" which is not an improvement.",HELPS,
ustekinumab,drug,US-te-KIN-ue-mab,WASH,-0.068,Please take your ustekinumab as prescribed.,Please take your USTkenumab as prescribed.,Please take your ustekinumab as prescribed.,"Both transcripts render the term recognizably; the dictionary version's capitalization/stress shift (""USTkenumab"") doesn't clearly improve accuracy over the already-correct ""ustekinumab.""",HURTS,
secukinumab,drug,SEK-ue-KIN-ue-mab,WASH,-0.116,Please take your Secukinumab as prescribed.,Please take your SEK Kenwimab as prescribed.,Please take your secukinumab as prescribed.,"Both transcripts attempt the term but neither matches the target cleanly; the dictionary version is arguably worse (more fragmented) but the without-dictionary version also mispronounces it, so no clear improvement.",WASH,
ixekizumab,drug,IX-e-KIZ-ue-mab,HURTS,-0.05,Please take your exekizumab as prescribed.,Please take your IXEKAS-Eumab as prescribed.,Please take your ixekizumab as prescribed.,"The without-dictionary transcript ""exekizumab"" is closer to the target ""ixekizumab"" than the with-dictionary transcript ""IXEKAS-Eumab,"" which is fragmented and garbled.",HELPS,
brodalumab,drug,broe-DAL-ue-mab,HELPS,0.038,Please take your Brodilumab as prescribed.,Please take your Brodalumab as prescribed.,Please take your brodalumab as prescribed.,"The ""without dictionary"" transcript mispronounced the drug as ""Brodilumab,"" while the ""with dictionary"" transcript correctly rendered ""Brodalumab.""",HELPS,
guselkumab,drug,gus-ELK-ue-mab,WASH,0.033,Please take your Gesalcumab as prescribed.,Please take your GUS ELQ Mab as prescribed.,Please take your guselkumab as prescribed.,"Both transcripts garble the drug name; the dictionary version fragments it into ""GUS ELQ Mab"" rather than recovering the correct pronunciation.",HELPS,
risankizumab,drug,RIS-an-KIZ-ue-mab,HURTS,-0.006,Please take your rising kizumab as prescribed.,Please take your RIS and KIZ Mab as prescribed.,Please take your risankizumab as prescribed.,"The without-dictionary transcript ""rising kizumab"" is closer to the target ""risankizumab"" than the with-dictionary fragmented ""RIS and KIZ Mab"".",HURTS,
tildrakizumab,drug,TIL-dra-KIZ-ue-mab,HURTS,-0.12,Please take your Tildrakizumab as prescribed.,Please take your Tealdra Keikai's Wumab as prescribed.,Please take your tildrakizumab as prescribed.,"Without dictionary the term was rendered correctly as ""Tildrakizumab""; with dictionary it became garbled ""Tealdra Keikai's Wumab.""",WASH,
abatacept,drug,a-BAT-a-sept,WASH,0.0,Please take your Abidacept as prescribed.,Please take your Abadicept as prescribed.,Please take your abatacept as prescribed.,"Both transcripts mispronounce the term (""Abidacept"" vs ""Abadicept""), and neither matches the target ""abatacept""; the dictionary did not improve pronunciation.",WASH,
leflunomide,drug,le-FLOO-no-mide,WASH,0.03,Please take your Laflunamide as prescribed.,Please take your Leoflunomide as prescribed.,Please take your leflunomide as prescribed.,"Both transcripts mispronounce the term (Laflunamide vs Leoflunomide), and neither recovers the correct ""leflunomide""; the dictionary version is not meaningfully closer to the target.",WASH,
sulfasalazine,drug,SUL-fa-SAL-a-zeen,HURTS,-0.015,Please take your sulfasalazine as prescribed.,Please take your esilfasal azine as prescribed.,Please take your sulfasalazine as prescribed.,"The without-dictionary transcript correctly produced ""sulfasalazine,"" while the with-dictionary transcript mangled it into ""esilfasal azine,"" making it worse.",WASH,
hydroxychloroquine,drug,hy-DROX-ee-KLOR-oh-kween,HURTS,-0.045,Please take your hydroxychloroquine as prescribed.,Please take your Hydroxyclaroquin as prescribed.,Please take your hydroxychloroquine as prescribed.,"The without-dictionary transcript correctly rendered ""hydroxychloroquine,"" while the with-dictionary transcript mangled it into ""Hydroxyclaroquin.""",WASH,
azathioprine,drug,AY-za-THYE-oh-preen,HURTS,-0.183,Please take your Azathioprine as prescribed.,Please take your AYZFY eoprene as prescribed.,Please take your azathioprine as prescribed.,"The without-dictionary transcript correctly produced ""Azathioprine,"" while the with-dictionary transcript garbled it into ""AYZFY eoprene.""",WASH,
mycophenolate,drug,MYE-koe-FEN-oh-late,WASH,-0.075,Please take your mycophenolate as prescribed.,Please take your MYE-Cofenolate as prescribed.,Please take your mycophenolate as prescribed.,Both transcripts attempt the term but neither is clearly correct; the dictionary version adds an awkward hyphenation/stress but doesn't improve clarity meaningfully.,WASH,
tacrolimus,drug,ta-KROE-li-mus,HURTS,-0.051,Please take your tacrolimus as prescribed.,Please take your taro y limus as prescribed.,Please take your tacrolimus as prescribed.,"The without-dictionary transcript correctly rendered ""tacrolimus,"" while the with-dictionary transcript mangled it into ""taro y limus.""",WASH,
cyclosporine,drug,SYE-kloe-SPOR-een,HURTS,-0.068,Please take your cyclosporine as prescribed.,Please take your S.Y.E. Closporine as prescribed.,Please take your cyclosporine as prescribed.,"The without-dictionary transcript correctly produced ""cyclosporine,"" while the with-dictionary transcript garbled it into ""S.Y.E. Closporine.""",HURTS,
sirolimus,drug,sir-OH-li-mus,HURTS,-0.134,Please take your Sirolimus as prescribed.,Please take your Sir OH Lymas as prescribed.,Please take your sirolimus as prescribed.,"The without-dictionary transcript correctly produced ""Sirolimus,"" while the with-dictionary transcript mangled it into ""Sir OH Lymas.""",WASH,
everolimus,drug,e-VER-oh-LI-mus,HURTS,-0.051,Please take your Everolimus as prescribed.,Please take your E-Var Olimus as prescribed.,Please take your everolimus as prescribed.,"The without-dictionary transcript correctly produced ""Everolimus,"" while the with-dictionary transcript fragmented it into ""E-Var Olimus,"" which is worse.",WASH,
levodopa,drug,LEE-voe-DOE-pa,HURTS,-0.059,Please take your Levodopa as prescribed.,Please take your Elievo Dupa as prescribed.,Please take your levodopa as prescribed.,"Without dictionary, ""Levodopa"" was correctly transcribed; with dictionary, it became garbled ""Elievo Dupa.""",WASH,
carbidopa,drug,KAR-bi-DOE-pa,HURTS,-0.091,Please take your carbidopa as prescribed.,Please take your KAR Badoopa as prescribed.,Please take your carbidopa as prescribed.,"The without-dictionary transcript already produced the correct term ""carbidopa,"" while the with-dictionary transcript mangled it into ""KAR Badoopa.""",HURTS,
pramipexole,drug,PRAM-i-PEX-ole,WASH,0.0,Please take your Pramipexole as prescribed.,Please take your Pramipexole as prescribed.,Please take your pramipexole as prescribed.,Both transcripts are identical and correctly render the term.,HELPS,
ropinirole,drug,roe-PIN-i-role,WASH,0.05,Please take your rope and eye roll as prescribed.,Please take your Rho Pinay Roll as prescribed.,Please take your ropinirole as prescribed.,"Both transcripts fail to recover the correct term ""ropinirole""; the dictionary version (""Rho Pinay Roll"") is arguably worse and more garbled than the natural mishearing (""rope and eye roll"").",WASH,
rotigotine,drug,roe-TIG-oh-teen,WASH,0.123,Please take your rhodogatin as prescribed.,Please take your Rotigotin as prescribed.,Please take your rotigotine as prescribed.,unparsed judge output: 'VERDICT|HELPS',HURTS,
amantadine,drug,a-MAN-ta-deen,WASH,-0.038,Please take your amantadine as prescribed.,Please take your amantidine as prescribed.,Please take your amantadine as prescribed.,"Both transcripts are close attempts at ""amantadine""; the dictionary version (""amantidine"") is not clearly better and the similarity gain is slightly negative.",WASH,
entacapone,drug,en-TAK-a-pone,WASH,0.032,Please take your intakapon as prescribed.,Please take your untacapone as prescribed.,Please take your entacapone as prescribed.,"Both transcripts are garbled approximations of ""entacapone""; neither clearly recovers the correct term, and the dictionary version (""untacapone"") is not meaningfully better than the baseline (""intakapon"").",HURTS,
safinamide,drug,sa-FIN-a-mide,WASH,0.026,Please take your sapenamide as prescribed.,Please take your Seifen Amide as prescribed.,Please take your safinamide as prescribed.,"Both transcripts fail to produce the correct term ""safinamide""; the dictionary version produces a German-sounding ""Seifen Amide"" which is not closer to the target.",WASH,
apomorphine,drug,AP-oh-MOR-feen,WASH,-0.007,Please take your apomorphine as prescribed.,Please take your APO morphine as prescribed.,Please take your apomorphine as prescribed.,Both transcripts convey the drug name clearly; the dictionary version just adds a slight pause/space but doesn't meaningfully improve or worsen recognition.,WASH,
donepezil,drug,doe-NEP-e-zil,HELPS,0.08,Please take your Dunpizzle as prescribed.,Please take your Donepizil as prescribed.,Please take your donepezil as prescribed.,"The dictionary version ""Donepizil"" is much closer to the target ""donepezil"" than the garbled ""Dunpizzle"" from the no-dictionary version.",HELPS,
rivastigmine,drug,riv-uh-STIG-meen,WASH,-0.008,Please take your rivastigmin as prescribed.,Please take your rivastigmine as prescribed.,Please take your rivastigmine as prescribed.,"Both transcripts recover the term essentially correctly; the dictionary version adds a final ""e"" but the difference is negligible.",HURTS,
galantamine,drug,guh-LAN-tuh-meen,HURTS,-0.074,Please take your galantamine as prescribed.,Please take your Golan Tumin as prescribed.,Please take your galantamine as prescribed.,"The without-dictionary transcript correctly rendered ""galantamine,"" while the with-dictionary transcript mangled it into ""Golan Tumin.""",WASH,
memantine,drug,muh-MAN-teen,HURTS,-0.096,Please take your memantine as prescribed.,Please take your mom and teen as prescribed.,Please take your memantine as prescribed.,"The without-dictionary transcript correctly rendered ""memantine,"" while the with-dictionary transcript mangled it into ""mom and teen.""",HURTS,
glatiramer,drug,gluh-TIR-uh-mer,WASH,0.005,Please take your Glutarimer as prescribed.,Please take your Glutarmer as prescribed.,Please take your glatiramer as prescribed.,"Both transcripts mispronounce the term similarly (""Glutarimer"" vs ""Glutarmer""), with negligible difference; the dictionary did not recover the correct ""glatiramer"" pronunciation.",HURTS,
fingolimod,drug,fin-GOL-ih-mod,HURTS,-0.083,Please take your fingolimod as prescribed.,Please take your Fingala Mod as prescribed.,Please take your fingolimod as prescribed.,"The without-dictionary transcript already produced the correct term ""fingolimod,"" while the with-dictionary transcript mangled it into ""Fingala Mod.""",HURTS,
dimethyl fumarate,drug,die-METH-ul FYOO-muh-rate,HURTS,-0.097,Please take your dimethyl fumarate as prescribed.,Please take your Dimetal FYO Marate as prescribed.,Please take your dimethyl fumarate as prescribed.,"Without dictionary, ""dimethyl fumarate"" was rendered correctly; with dictionary, it became garbled as ""Dimetal FYO Marate.""",HURTS,
teriflunomide,drug,ter-ih-FLOO-noh-mide,WASH,0.0,Please take your teriflunamide as prescribed.,Please take your Tereflunomide as prescribed.,Please take your teriflunomide as prescribed.,Both transcripts are essentially the same; the dictionary didn't change the pronunciation meaningfully.,HURTS,
ozanimod,drug,oh-ZAN-ih-mod,WASH,0.056,Please take your Rosanna Mod as prescribed.,Please take your Ozan mod as prescribed.,Please take your ozanimod as prescribed.,"Both transcripts fail to clearly produce ""ozanimod""; the dictionary version is marginally closer but still garbled as ""Ozan mod"" rather than recovering the correct term.",WASH,
siponimod,drug,sih-PON-ih-mod,WASH,0.045,Please take your Siponamide as prescribed.,Please take your Sipon Mod as prescribed.,Please take your siponimod as prescribed.,"Both transcripts fail to recover the target term ""siponimod"" — one becomes ""Siponamide"" and the other ""Sipon Mod"", neither correct.",HURTS,
natalizumab,drug,na-tal-IZ-uh-mab,HURTS,-0.015,Please take your natalizumab as prescribed.,Please take your Natal Izeumab as prescribed.,Please take your natalizumab as prescribed.,"The without-dictionary transcript already produced the correct term ""natalizumab,"" while the with-dictionary transcript fragmented it into ""Natal Izeumab.""",HURTS,
ocrelizumab,drug,ok-re-LIZ-uh-mab,HURTS,-0.111,Please take your ocrelizumab as prescribed.,Please take your OKRELINemab as prescribed.,Please take your ocrelizumab as prescribed.,"The without-dictionary transcript already correctly rendered ""ocrelizumab,"" while the with-dictionary transcript mangled it into ""OKRELINemab.""",HURTS,
ofatumumab,drug,oh-fuh-TOO-muh-mab,WASH,-0.077,Please take your ofatumumab as prescribed.,Please take your Ofutumamab as prescribed.,Please take your ofatumumab as prescribed.,"Both transcripts are garbled attempts at the drug name; the dictionary version ""Ofutumamab"" is not clearly better than ""ofatumumab"" and similarity is slightly negative.",HURTS,
fumarate,drug,FYOO-muh-rate,HURTS,-0.053,Please take your fumarate as prescribed.,Please take your FYOMA rate as prescribed.,Please take your fumarate as prescribed.,"The without-dictionary transcript already correctly rendered ""fumarate,"" while the with-dictionary transcript mangled it into ""FYOMA rate.""",WASH,
levothyroxine,drug,lee-voh-thigh-ROX-een,WASH,0.0,Please take your levothyroxine as prescribed.,Please take your Levothyroxine as prescribed.,Please take your levothyroxine as prescribed.,"Both transcripts contain the correct term ""levothyroxine""; the only difference is capitalization, which doesn't affect pronunciation recovery.",WASH,
prednisone,drug,PRED-nih-zone,WASH,-0.038,Please take your prednisone as prescribed.,Please take your Prednizone as prescribed.,Please take your prednisone as prescribed.,"Both transcripts are close approximations of ""prednisone""; the dictionary version ""Prednizone"" is not clearly better and arguably slightly worse in spelling fidelity.",WASH,
prednisolone,drug,pred-NIS-oh-lone,HURTS,-0.084,Please take your Prednisolone as prescribed.,Please take your Prednese alone as prescribed.,Please take your prednisolone as prescribed.,"The without-dictionary transcript correctly rendered ""Prednisolone,"" while the with-dictionary transcript garbled it into ""Prednese alone,"" losing the correct term.",WASH,
methylprednisolone,drug,METH-ul-pred-NIS-oh-lone,HURTS,-0.088,Please take your methylprednisolone as prescribed.,Please take your METALPRED NSO loan as prescribed.,Please take your methylprednisolone as prescribed.,"The without-dictionary transcript correctly rendered ""methylprednisolone,"" while the with-dictionary transcript mangled it into ""METALPRED NSO loan.""",WASH,
hydrocortisone,drug,HIGH-dro-KOR-tih-zone,HURTS,-0.19,Please take your hydrocortisone as prescribed.,Please take your Hitch-Drokar Tazone as prescribed.,Please take your hydrocortisone as prescribed.,"Without dictionary, ""hydrocortisone"" was correctly transcribed; with dictionary, it became garbled nonsense (""Hitch-Drokar Tazone"").",WASH,
dexamethasone,drug,dex-uh-METH-uh-zone,HURTS,-0.103,Please take your dexamethasone as prescribed.,Please take your DEX-AMET zone as prescribed.,Please take your dexamethasone as prescribed.,"The without-dictionary transcript correctly rendered ""dexamethasone,"" while the with-dictionary transcript mangled it into ""DEX-AMET zone.""",HURTS,
fludrocortisone,drug,floo-dro-KOR-tih-zone,HURTS,-0.075,Please take your Fludra cortisone as prescribed.,Please take your Fluidro Car Tazone as prescribed.,Please take your fludrocortisone as prescribed.,"The without-dictionary transcript ""Fludra cortisone"" is closer to the target ""fludrocortisone"" than the with-dictionary transcript ""Fluidro Car Tazone,"" which is garbled and fragmented.",HELPS,
alendronate,drug,uh-LEN-dro-nate,WASH,0.0,Please take your Alendronate as prescribed.,Please take your Elendronate as prescribed.,Please take your alendronate as prescribed.,"Both transcripts mispronounce the drug name (Alendronate vs Elendronate), so the dictionary entry did not help recover the correct pronunciation.",WASH,
risedronate,drug,rih-SED-ro-nate,WASH,-0.011,Please take your Rhystronate as prescribed.,Please take your Rheacetronate as prescribed.,Please take your risedronate as prescribed.,"Both transcripts mispronounce the term and neither recovers ""risedronate""; the dictionary version is not meaningfully closer to the target.",HELPS,
ibandronate,drug,ih-BAN-dro-nate,WASH,0.063,Please take your Abandonet as prescribed.,Please take your Abandronate as prescribed.,Please take your ibandronate as prescribed.,"Both transcripts mispronounce the term (""Abandonet"" vs ""Abandronate""); neither recovers the correct ""ibandronate,"" and the dictionary version is only marginally closer.",WASH,
zoledronic acid,drug,zoh-leh-DRON-ik AS-id,WASH,-0.015,Please take your zoledronic acid as prescribed.,Please take your Zoledronic A-acid as prescribed.,Please take your zoledronic acid as prescribed.,"Both transcripts convey the term adequately; the dictionary version adds an awkward ""A-acid"" stutter but doesn't meaningfully improve recognition.",HURTS,
denosumab,drug,den-OH-suh-mab,HURTS,-0.058,Please take your Denosumab as prescribed.,Please take your DEN-OA SHMAB as prescribed.,Please take your denosumab as prescribed.,"The without-dictionary transcript correctly produced ""Denosumab,"" while the with-dictionary transcript mangled it into ""DEN-OA SHMAB.""",WASH,
teriparatide,drug,ter-ih-PAR-uh-tide,HURTS,-0.026,Please take your teriperatide as prescribed.,Please take your Turra Parra Tide as prescribed.,Please take your teriparatide as prescribed.,"The without-dictionary transcript ""teriperatide"" is a much closer match to ""teriparatide"" than the with-dictionary transcript ""Turra Parra Tide,"" which is completely garbled.",HURTS,
raloxifene,drug,ral-OX-ih-feen,WASH,-0.051,Please take your Raloxifene as prescribed.,Please take your Rallo X Fien as prescribed.,Please take your raloxifene as prescribed.,"Both transcripts attempt the term but neither produces a clean pronunciation; the dictionary version fragments it into ""Rallo X Fien"" which is worse, while the no-dictionary version at least reads it as a single word.",HURTS,
calcitonin,drug,kal-sih-TONE-in,HELPS,0.007,Please take your calciton in as prescribed.,Please take your calcitonin as prescribed.,Please take your calcitonin as prescribed.,"The without-dictionary transcript split the word into ""calciton in,"" while the with-dictionary transcript correctly rendered ""calcitonin"" as a single word.",WASH,distil-whisper/distil-large-v2
tadalafil,drug,tuh-DAF-ih-lil,HURTS,-0.125,Please take your Tadalafil as prescribed.,Please take your 2-daphilil as prescribed.,Please take your tadalafil as prescribed.,"The without-dictionary transcript already correctly rendered ""Tadalafil,"" while the with-dictionary transcript garbled it into ""2-daphilil.""",WASH,
sildenafil,drug,sil-DEN-uh-fil,WASH,0.0,Please take your sildenafil as prescribed.,Please take your Sildenafil as prescribed.,Please take your sildenafil as prescribed.,"Both transcripts render the term identically as ""sildenafil""/""Sildenafil"" with no meaningful difference.",HELPS,
vardenafil,drug,var-DEN-ah-fil,WASH,0.082,Please take your Vardinophil as prescribed.,Please take your Vardenefil as prescribed.,Please take your vardenafil as prescribed.,"Both transcripts are garbled approximations of ""vardenafil""; neither clearly recovers the correct term, and the dictionary version (""Vardenefil"") is not meaningfully closer to the target than the non-dictionary version (""Vardinophil"").",WASH,
finasteride,drug,fin-AS-ter-ide,WASH,0.0,Please take your finasteride as prescribed.,Please take your Finaster ID as prescribed.,Please take your finasteride as prescribed.,"Both transcripts fail to clearly produce ""finasteride"" — the without-dictionary version is closer to the target, while the with-dictionary version fragments it into ""Finaster ID,"" so no clear improvement.",HURTS,
dutasteride,drug,doo-TAS-ter-ide,WASH,-0.043,Please take your duteasteride as prescribed.,Please take your due tastor ID as prescribed.,Please take your dutasteride as prescribed.,"Both transcripts fail to clearly produce ""dutasteride"" — the without-dictionary version is closer to the target (""duteasteride"") than the with-dictionary version (""due tastor ID""), which is more garbled.",HURTS,
tamsulosin,drug,tam-SOO-loh-sin,HURTS,-0.051,Please take your Tamsulosin as prescribed.,Please take your Tam Solo Sin as prescribed.,Please take your tamsulosin as prescribed.,"Without dictionary, ""Tamsulosin"" was correctly transcribed; with dictionary, it was fragmented into ""Tam Solo Sin.""",WASH,
silodosin,drug,si-LOH-doh-sin,HURTS,-0.032,Please take your silo dosin as prescribed.,Please take your Siloach dose in as prescribed.,Please take your silodosin as prescribed.,"The without-dictionary transcript ""silo dosin"" is a reasonable phonetic rendering of ""silodosin,"" while the with-dictionary transcript ""Siloach dose in"" is more fragmented and less accurate.",WASH,
alfuzosin,drug,al-FOO-zoh-sin,HURTS,-0.091,Please take your alfuzosin as prescribed.,Please take your Alphozo Sin as prescribed.,Please take your alfuzosin as prescribed.,"Without dictionary, ""alfuzosin"" was correctly pronounced as a single word; with dictionary, it was fragmented into ""Alphozo Sin,"" losing the correct term.",WASH,
oxybutynin,drug,ok-see-BYOO-ti-nin,HURTS,-0.206,Please take your oxybutyn as prescribed.,Please take your OKCBO to 9 as prescribed.,Please take your oxybutynin as prescribed.,"The without-dictionary transcript ""oxybutyn"" is a closer and more recognizable rendering of ""oxybutynin"" than the garbled ""OKCBO to 9"" produced with the dictionary.",HURTS,
tolterodine,drug,tol-TER-oh-deen,HURTS,-0.097,Please take your Tolterodine as prescribed.,Please take your Tall Tarot Dean as prescribed.,Please take your tolterodine as prescribed.,"The without-dictionary transcript correctly produced ""Tolterodine,"" while the with-dictionary transcript mangled it into ""Tall Tarot Dean.""",HURTS,
solifenacin,drug,sol-i-FEN-ah-sin,HURTS,-0.018,Please take your solifinicin as prescribed.,Please take your Solly Fennicin as prescribed.,Please take your solifenacin as prescribed.,"Without dictionary, the listener got ""solifinicin"" which is a reasonable attempt at ""solifenacin""; with dictionary, it became ""Solly Fennicin"" which is worse and more garbled.",WASH,
darifenacin,drug,dar-i-FEN-ah-sin,WASH,0.098,Please take your Derafinicin as prescribed.,Please take your Dari Fennicin as prescribed.,Please take your darifenacin as prescribed.,"Both transcripts mispronounce the drug name; the dictionary version (""Dari Fennicin"") is no closer to ""darifenacin"" than the baseline (""Derafinicin"").",HELPS,
mirabegron,drug,mir-ah-BEG-ron,WASH,0.07,Please take your Mirabagran as prescribed.,Please take your Mirabeg Ron as prescribed.,Please take your mirabegron as prescribed.,"Both transcripts mispronounce the term (""Mirabagran"" vs ""Mirabeg Ron""), and neither recovers the correct ""mirabegron.""",HURTS,
phenazopyridine,drug,fen-az-oh-PYR-i-deen,WASH,0.032,Please take your Phonazopyridine as prescribed.,Please take your Phenazopyridine as prescribed.,Please take your phenazopyridine as prescribed.,"Both transcripts render the term as ""Phonazopyridine""/""Phenazopyridine"" — the dictionary version is slightly closer to the target but neither recovers the correct ""phenazopyridine"" pronunciation meaningfully.",WASH,
hydroxyzine,drug,hy-DROK-si-zeen,WASH,0.0,Please take your hydroxyzine as prescribed.,Please take your hydroxyzine as prescribed.,Please take your hydroxyzine as prescribed.,"Both transcripts already correctly rendered ""hydroxyzine"" identically, so the dictionary entry provided no benefit.",WASH,
fexofenadine,drug,fek-soh-FEN-ah-deen,WASH,0.0,Please take your fexofenidine as prescribed.,Please take your fexofenidine as prescribed.,Please take your fexofenadine as prescribed.,"Both transcripts render the term identically as ""fexofenidine,"" so the dictionary entry produced no change.",HURTS,
loratadine,drug,lor-AT-ah-deen,WASH,0.057,Please take your Loredadina's prescribed.,Please take your Lor-Ateadine as prescribed.,Please take your loratadine as prescribed.,"Both transcripts are garbled attempts at ""loratadine""; neither clearly recovers the correct term, and the dictionary version (""Lor-Ateadine"") is arguably worse with the awkward hyphenation.",WASH,
cetirizine,drug,se-TIR-i-zeen,HURTS,-0.077,Please take your satirizine as prescribed.,Please take your C-Tarazine as prescribed.,Please take your cetirizine as prescribed.,"The without-dictionary transcript ""satirizine"" is closer to ""cetirizine"" than the with-dictionary transcript ""C-Tarazine,"" which is more garbled and fragmented.",HURTS,
diphenhydramine,drug,dy-fen-HY-drah-meen,HURTS,-0.058,Please take your diphenhydramine as prescribed.,Please take your diphenidramine as prescribed.,Please take your diphenhydramine as prescribed.,"The without-dictionary transcript correctly rendered ""diphenhydramine,"" while the with-dictionary transcript dropped a syllable to ""diphenidramine,"" making it less accurate.",HURTS,
chlorpheniramine,drug,klor-fen-EER-ah-meen,WASH,0.0,Please take your chlorpheniramine as prescribed.,Please take your chlorpheniramine as prescribed.,Please take your chlorpheniramine as prescribed.,"Both transcripts already produced the correct term ""chlorpheniramine"" identically, so the dictionary entry made no difference.",HELPS,
azelastine,drug,ah-ZEL-ah-steen,WASH,-0.038,Please take your Azelastine as prescribed.,Please take your Azelostine as prescribed.,Please take your azelastine as prescribed.,"Both transcripts are close approximations of ""azelastine""; neither is clearly better, and the dictionary version (""Azelostine"") isn't more accurate than the original.",WASH,
olopatadine,drug,oh-loh-PAT-ah-deen,WASH,0.0,Please take your olopatidine as prescribed.,Please take your Olopatidine as prescribed.,Please take your olopatadine as prescribed.,"Both transcripts render the term as ""olopatidine"" with the same mispronunciation; the dictionary only changed capitalization, not pronunciation.",HURTS,
modafinil,drug,mo-DAF-i-nil,WASH,-0.007,Please take your modafinil as prescribed.,Please take your Modafi Nil as prescribed.,Please take your modafinil as prescribed.,"Both transcripts fail to render ""modafinil"" correctly as a single word; the dictionary version splits it into ""Modafi Nil"" which is arguably worse, but neither captures the target.",WASH,
armodafinil,drug,ar-mo-DAF-i-nil,HURTS,-0.057,Please take your armodafinil as prescribed.,Please take your Armo Daffy-Nil as prescribed.,Please take your armodafinil as prescribed.,"The without-dictionary transcript already produced the correct term ""armodafinil,"" while the with-dictionary transcript fragmented it into ""Armo Daffy-Nil.""",HELPS,
sumatriptan,drug,soo-mah-TRIP-tan,WASH,-0.007,Please take your Sumatriptan as prescribed.,Please take your Sumatrip tan as prescribed.,Please take your sumatriptan as prescribed.,"Both transcripts convey the term, but the dictionary version introduces an awkward space (""Sumatrip tan""), making it slightly worse while still recognizable.",HELPS,
rizatriptan,drug,ry-zah-TRIP-tan,WASH,0.09,Please take your risotriptin as prescribed.,Please take your Rhizautrip tan as prescribed.,Please take your rizatriptan as prescribed.,"Both transcripts fail to clearly produce ""rizatriptan""; the dictionary version is fragmented into ""Rhizautrip tan"" while the non-dictionary version is closer to a plausible pronunciation (""risotriptin"").",WASH,
zolmitriptan,drug,zohl-mi-TRIP-tan,WASH,0.036,Please take your zolmatriptin as prescribed.,Please take your Zolmetriptan as prescribed.,Please take your zolmitriptan as prescribed.,"Both transcripts are mispronunciations of ""zolmitriptan"" (target: zol-mih-trip-tan); the dictionary version ""Zolmetriptan"" is not closer to the correct pronunciation than ""zolmatriptin.""",HELPS,
eletriptan,drug,el-e-TRIP-tan,WASH,0.038,Please take your elitriptin as prescribed.,Please take your Elitriptan as prescribed.,Please take your eletriptan as prescribed.,"Both transcripts render the term as ""elitriptin/Elitriptan"" with only a capitalization difference; the dictionary did not recover the correct pronunciation ""eletriptan.""",WASH,
almotriptan,drug,al-moh-TRIP-tan,WASH,0.067,Please take your almitriptin as prescribed.,Please take your Almo Triptan as prescribed.,Please take your almotriptan as prescribed.,"Both transcripts fail to clearly produce ""almotriptan"" — the without-dictionary version gives a garbled ""almitriptin"" and the with-dictionary version splits it into ""Almo Triptan,"" neither matching the target.",HELPS,
frovatriptan,drug,froh-vah-TRIP-tan,WASH,0.064,Please take your frovitriptin as prescribed.,Please take your Frova Triptan as prescribed.,Please take your frovatriptan as prescribed.,"Both transcripts fail to produce the correct single-word pronunciation ""frovatriptan""; the dictionary version splits it into two words but still doesn't match the target.",HELPS,
naratriptan,drug,nar-ah-TRIP-tan,WASH,0.074,Please take your Nerotriptin as prescribed.,Please take your Naritriptan as prescribed.,Please take your naratriptan as prescribed.,"Both transcripts mispronounce the term (Nerotriptin vs Naritriptan), neither recovers the correct ""naratriptan"" pronunciation.",HELPS,
ubrogepant,drug,yoo-BROH-jeh-pant,WASH,0.007,Please take your Uberojapan as prescribed.,Please take your YouBroach Japant as prescribed.,Please take your ubrogepant as prescribed.,"Both transcripts garble the drug name; the dictionary version (""YouBroach Japant"") is no closer to ""ubrogepant"" than the baseline (""Uberojapan"").",HELPS,
rimegepant,drug,rih-MEH-jeh-pant,WASH,-0.012,Please take your Rhyme Japan as prescribed.,Please take your Rea Michiapant as prescribed.,Please take your rimegepant as prescribed.,"Both transcripts fail to recover the target term ""rimegepant""; the dictionary version is not meaningfully closer and is arguably more garbled.",HELPS,
erenumab,drug,eh-REH-nyoo-mab,WASH,0.022,Please take your Aranumab as prescribed.,Please take your REACH Numab as prescribed.,Please take your erenumab as prescribed.,"Both transcripts fail to clearly produce ""erenumab"" — the without-dictionary version gets closer with ""Aranumab"" while the with-dictionary version is more garbled (""REACH Numab""), so no clear improvement.",WASH,
fremanezumab,drug,freh-mah-NEH-zoo-mab,HURTS,-0.107,Please take your Freminezumab as prescribed.,Please take your frame on each Zumab as prescribed.,Please take your fremanezumab as prescribed.,"Without dictionary, ""Freminezumab"" is a close phonetic match to ""fremanezumab""; with dictionary, it fragments into ""frame on each Zumab,"" which is worse.",WASH,
galcanezumab,drug,gal-kah-NEH-zoo-mab,HURTS,-0.083,Please take your galconezumab as prescribed.,Please take your Galkon H Zumab as prescribed.,Please take your galcanezumab as prescribed.,"The without-dictionary transcript ""galconezumab"" is a much closer match to ""galcanezumab"" than the with-dictionary transcript ""Galkon H Zumab,"" which is fragmented and mispronounced.",WASH,
eprodual,drug,eh-PROH-dool,HURTS,-0.028,Please take your aproduil as prescribed.,Please take your APR OACH Duel as prescribed.,Please take your eprodual as prescribed.,"The without-dictionary transcript ""aproduil"" is closer to ""eprodual"" than the with-dictionary transcript ""APR OACH Duel,"" which is fragmented and garbled.",HELPS,
onabotulinumtoxinA,drug,on-ah-BOT-yoo-ly-num-TOX-in ay,WASH,-0.007,Please take your Onobotulinum toxinae as prescribed.,Please take your Onabot Eulinum Tuxini as prescribed.,Please take your onabotulinumtoxinA as prescribed.,"Both transcripts are garbled and neither recovers the target term ""onabotulinumtoxinA""; the dictionary version is arguably worse with more fragmentation.",HURTS,
MI,acronym,myocardial infarction,HELPS,0.432,The patient has a history of MI.,The patient has a history of myocardial infarction.,The patient has a history of MI.,"The ""without dictionary"" transcript left ""MI"" as an unexpanded acronym, while the ""with dictionary"" transcript correctly expanded it to ""myocardial infarction.""",HELPS,
COPD,acronym,chronic obstructive pulmonary disease,HELPS,0.458,The patient has a history of COPD.,The patient has a history of chronic obstructive pulmonary disease.,The patient has a history of COPD.,"The dictionary expanded the acronym to its full form, which the listener correctly transcribed, while the without-dictionary version left it as the acronym.",HELPS,
CHF,acronym,congestive heart failure,HELPS,0.405,The patient has a history of CHF.,The patient has a history of congestive heart failure.,The patient has a history of CHF.,"The ""without dictionary"" transcript left the acronym ""CHF"" unexpanded, while the ""with dictionary"" transcript correctly expanded it to ""congestive heart failure.""",HELPS,
UTI,acronym,urinary tract infection,HELPS,0.284,The patient has a history of UTI.,The patient has a history of urinary tract infection.,The patient has a history of UTI.,"The ""with dictionary"" transcript correctly expands the acronym to ""urinary tract infection,"" while the ""without dictionary"" transcript left it as the unexpanded ""UTI.""",HELPS,
MRI,acronym,magnetic resonance imaging,HELPS,0.363,The patient has a history of MRI.,The patient has a history of magnetic resonance imaging.,The patient has a history of MRI.,"The ""with dictionary"" transcript fully expands ""MRI"" to ""magnetic resonance imaging,"" while the ""without dictionary"" transcript leaves it as the acronym.",HELPS,
CT,acronym,computed tomography,HELPS,0.284,The patient has a history of CT.,The patient has a history of computed tomography.,The patient has a history of CT.,"The ""without dictionary"" transcript left ""CT"" as an unexpanded acronym, while the ""with dictionary"" transcript correctly expanded it to ""computed tomography.""",HELPS,
EKG,acronym,electrocardiogram,HELPS,0.291,The patient has a history of EKG.,The patient has a history of electrocardiogram.,The patient has a history of EKG.,"The ""without dictionary"" transcript left the acronym ""EKG"" unexpanded, while the ""with dictionary"" transcript correctly expanded it to ""electrocardiogram.""",HELPS,
ECG,acronym,electrocardiogram,HELPS,0.371,The patient has a history of ECG.,The patient has a history of electrocardiogram.,The patient has a history of ECG.,"The ""with dictionary"" transcript correctly expands ""ECG"" to ""electrocardiogram,"" while the ""without dictionary"" transcript left it as the unexpanded acronym.",HELPS,
EEG,acronym,electroencephalogram,HELPS,0.27,The patient has a history of EEG.,The patient has a history of electroencephalogram.,The patient has a history of EEG.,"The dictionary expanded the acronym ""EEG"" to its full form ""electroencephalogram,"" which the listener correctly transcribed, whereas without the dictionary the acronym was left as-is.",HELPS,
BUN,acronym,blood urea nitrogen,HELPS,0.367,The patient has a history of BUN.,The patient has a history of blood urea nitrogen.,The patient has a history of BUN.,"The ""without dictionary"" transcript left the acronym ""BUN"" unexpanded, while the ""with dictionary"" transcript correctly expanded it to ""blood urea nitrogen.""",HELPS,
CMP,acronym,comprehensive metabolic panel,HELPS,0.466,The patient has a history of CMP.,The patient has a history of comprehensive metabolic panel.,The patient has a history of CMP.,"The ""with dictionary"" transcript correctly expands ""CMP"" to ""comprehensive metabolic panel,"" while the ""without dictionary"" transcript leaves it as the unexpanded acronym.",HELPS,
CBC,acronym,complete blood count,HELPS,0.307,The patient has a history of CBC.,The patient has a history of complete blood count.,The patient has a history of CBC.,"The ""with dictionary"" transcript correctly expands ""CBC"" to ""complete blood count,"" while the ""without dictionary"" transcript leaves it as the unexpanded acronym.",HELPS,
TSH,acronym,thyroid stimulating hormone,HELPS,0.243,The patient has a history of TSH.,The patient has a history of thyroid stimulating hormone.,The patient has a history of TSH.,"The without-dictionary transcript left the acronym ""TSH"" unexpanded, while the with-dictionary transcript correctly produced the full expansion ""thyroid stimulating hormone.""",HELPS,
HbA1c,acronym,hemoglobin A one C,WASH,0.042,The patient has a history of HbA1c.,The patient has a history of hemoglobin A1c.,The patient has a history of HbA1c.,"Both transcripts convey the term, but neither fully expands to ""hemoglobin A one C""; the dictionary version partially expands but still says ""A1c"" rather than ""A one C,"" so no meaningful improvement toward the target.",HELPS,
PT,acronym,prothrombin time,HELPS,0.266,The patient has a history of PT.,The patient has a history of prothrombin time.,The patient has a history of PT.,"The ""with dictionary"" transcript correctly expands ""PT"" to ""prothrombin time,"" while the ""without dictionary"" transcript leaves it as the ambiguous abbreviation.",HELPS,
INR,acronym,international normalized ratio,HELPS,0.286,The patient has a history of INR.,The patient has a history of international normalized ratio.,The patient has a history of INR.,"The ""with dictionary"" transcript correctly expands the acronym to ""international normalized ratio,"" while the ""without dictionary"" transcript leaves it as the unexpanded acronym ""INR.""",HELPS,
PTT,acronym,partial thromboplastin time,HELPS,0.276,The patient has a history of PTT.,The patient has a history of partial thromboplastin time.,The patient has a history of PTT.,"The dictionary successfully expanded the acronym ""PTT"" to its full form ""partial thromboplastin time,"" which the listener without the dictionary left as the unexpanded acronym.",HELPS,
DVT,acronym,deep vein thrombosis,HELPS,0.391,The patient has a history of DVT.,The patient has a history of deep vein thrombosis,The patient has a history of DVT.,"The dictionary successfully expanded the acronym ""DVT"" to its full form ""deep vein thrombosis,"" which the without-dictionary version left as the unexpanded acronym.",HELPS,
PE,acronym,pulmonary embolism,HELPS,0.31,The patient has a history of P.E.,The patient has a history of pulmonary embolism.,The patient has a history of PE.,"The dictionary expanded ""P.E."" to the full term ""pulmonary embolism,"" which is the target pronunciation goal, while the without-dictionary version left it as the abbreviation.",HELPS,
CVA,acronym,cerebrovascular accident,HELPS,0.405,The patient has a history of CVA.,The patient has a history of cerebrovascular accident.,The patient has a history of CVA.,"The dictionary expanded the acronym ""CVA"" into the full term ""cerebrovascular accident,"" which the without-dictionary version left as the unexpanded acronym.",HELPS,
TIA,acronym,transient ischemic attack,HELPS,0.246,The patient has a history of TIA.,The patient has a history of transient ischemic attack.,The patient has a history of TIA.,"The ""with dictionary"" transcript fully expands the acronym to ""transient ischemic attack,"" while the ""without dictionary"" transcript leaves it as the unexpanded ""TIA.""",HELPS,
ICU,acronym,intensive care unit,HELPS,0.251,The patient has a history of ICU.,The patient has a history of intensive care unit.,The patient has a history of ICU.,"The ""without dictionary"" transcript left ICU as an acronym, while the ""with dictionary"" transcript correctly expanded it to ""intensive care unit.""",HELPS,
NICU,acronym,neonatal intensive care unit,HELPS,0.264,The patient has a history of NICU.,The patient has a history of neonatal intensive care unit.,The patient has a history of NICU.,"The ""with dictionary"" transcript correctly expands the acronym to ""neonatal intensive care unit,"" while the ""without dictionary"" transcript leaves it as the unexpanded acronym ""NICU.""",HELPS,
ER,acronym,emergency room,HELPS,0.352,The patient has a history of ER.,The patient has a history of emergency room.,The patient has a history of ER.,"The ""with dictionary"" transcript correctly expands ""ER"" to ""emergency room,"" while the ""without dictionary"" transcript left it as the unexpanded acronym.",HELPS,
ED,acronym,emergency department,HELPS,0.264,The patient has a history of ED.,The patient has a history of emergency department.,The patient has a history of ED.,"The ""with dictionary"" transcript correctly expands ""ED"" to ""emergency department,"" while the ""without dictionary"" transcript left it as the ambiguous abbreviation.",HELPS,
OR,acronym,operating room,HELPS,0.091,The patient has a history of OR.,The patient has a history of operating room.,The patient has a history of OR.,"The dictionary successfully expanded ""OR"" to ""operating room,"" which is the target pronunciation goal, while the without-dictionary version left it as the ambiguous acronym.",HELPS,
PACU,acronym,post-anesthesia care unit,HELPS,0.354,The patient has a history of PAHU.,The patient has a history of post-anesthesia care unit.,The patient has a history of PACU.,"The dictionary transcript recovers the full expansion ""post-anesthesia care unit"" while the without-dictionary transcript misheard it as ""PAHU.""",HELPS,
CCU,acronym,coronary care unit,HELPS,0.31,The patient has a history of CCU.,The patient has a history of coronary care unit.,The patient has a history of CCU.,"The ""with dictionary"" transcript successfully expands the acronym to ""coronary care unit,"" while the ""without dictionary"" transcript leaves it as the unexpanded acronym ""CCU.""",HELPS,
SICU,acronym,surgical intensive care unit,HELPS,0.49,The patient has a history of SICU.,The patient has a history of surgical intensive care unit.,The patient has a history of SICU.,"The ""without dictionary"" transcript left the acronym ""SICU"" unexpanded, while the ""with dictionary"" transcript correctly expanded it to ""surgical intensive care unit.""",HELPS,
MICU,acronym,medical intensive care unit,HELPS,0.482,The patient has a history of mihue.,The patient has a history of medical intensive care unit.,The patient has a history of MICU.,"The ""with dictionary"" transcript correctly expands the acronym to ""medical intensive care unit,"" while the ""without dictionary"" transcript produced a garbled ""mihue.""",HELPS,
BP,acronym,blood pressure,HELPS,0.352,The patient has a history of BP.,The patient has a history of blood pressure.,The patient has a history of BP.,"The dictionary expanded ""BP"" to ""blood pressure,"" which is the target term, while the without-dictionary version left it as the unexpanded acronym.",HELPS,
HR,acronym,heart rate,HELPS,0.114,The patient has a history of HR.,The patient has a history of heart rate.,The patient has a history of HR.,"The ""with dictionary"" transcript correctly expands ""HR"" to ""heart rate,"" while the ""without dictionary"" transcript left it as the unexpanded abbreviation.",HELPS,
RR,acronym,respiratory rate,HELPS,0.141,The patient has a history of RR.,The patient has a history of respiratory rate.,The patient has a history of RR.,"The dictionary expanded ""RR"" to ""respiratory rate,"" which is the correct target expansion, while the without-dictionary transcript left it as the unexpanded acronym.",HELPS,
SpO2,acronym,saturation of peripheral oxygen,HELPS,0.335,The patient has a history of SpO2.,The patient has a history of saturation of peripheral oxygen.,The patient has a history of SpO2.,"The dictionary successfully expanded the acronym ""SpO2"" into its full form ""saturation of peripheral oxygen,"" which the listener without the dictionary left as the unexpanded acronym.",HELPS,
ETCO2,acronym,end-tidal carbon dioxide,HELPS,0.368,The patient has a history of ETCO2.,The patient has a history of N-tidal carbon dioxide.,The patient has a history of ETCO2.,"The dictionary transcript recovers the expansion ""N-tidal carbon dioxide"" (close to ""end-tidal carbon dioxide""), while the without-dictionary transcript left the acronym ""ETCO2"" unexpanded.",HELPS,
IV,acronym,intravenous,HELPS,0.191,The patient has a history of IV.,The patient has a history of intravenous.,The patient has a history of IV.,"The ""with dictionary"" transcript correctly expands ""IV"" to ""intravenous,"" while the ""without dictionary"" transcript left it as the unexpanded acronym.",HELPS,
IM,acronym,intramuscular,HELPS,0.209,The patient has a history of I am.,The patient has a history of intramuscular.,The patient has a history of IM.,"The dictionary correctly expanded ""IM"" to ""intramuscular,"" while without it the model produced the incorrect expansion ""I am.""",HELPS,
SC,acronym,subcutaneous,HELPS,0.354,The patient has a history of SC.,The patient has a history of subcutaneous.,The patient has a history of SC.,"The ""with dictionary"" transcript correctly expands ""SC"" to ""subcutaneous,"" while the ""without dictionary"" transcript leaves it as the unexpanded acronym.",HELPS,
PO,acronym,by mouth,HELPS,0.19,The patient has a history of PO.,"The patient has a history of, by mouth,",The patient has a history of PO.,"The ""with dictionary"" transcript correctly expands ""PO"" to ""by mouth,"" while the ""without dictionary"" transcript leaves it as the unexpanded acronym.",HELPS,
PR,acronym,per rectum,HELPS,0.162,The patient has a history of PR.,The patient has a history of per rectum.,The patient has a history of PR.,"The ""with dictionary"" transcript correctly expands ""PR"" to ""per rectum,"" while the ""without dictionary"" transcript leaves it as the ambiguous abbreviation.",HELPS,
SL,acronym,sublingual,HELPS,0.305,The patient has a history of SL.,The patient has a history of sublingual.,The patient has a history of SL.,"The ""without dictionary"" transcript left ""SL"" as an unexpanded acronym, while the ""with dictionary"" transcript correctly expanded it to ""sublingual.""",HELPS,
OD,acronym,right eye,HELPS,0.18,The patient has a history of OD.,The patient has a history of right eye.,The patient has a history of OD.,"The dictionary successfully expanded ""OD"" to ""right eye,"" which is the target pronunciation, while the without-dictionary version left it as the unexpanded acronym.",WASH,
OS,acronym,left eye,HELPS,0.148,The patient has a history of OS.,The patient has a history of left eye.,The patient has a history of OS.,"The dictionary correctly expanded ""OS"" to ""left eye,"" which the without-dictionary version left as the unexpanded acronym.",HELPS,
OU,acronym,both eyes,HELPS,0.131,The patient has a history of OU.,The patient has a history of both eyes.,The patient has a history of OU.,"The ""with dictionary"" transcript correctly expands ""OU"" to ""both eyes,"" while the ""without dictionary"" transcript left it as the unexpanded acronym.",HELPS,
AU,acronym,both ears,HELPS,0.082,The patient has a history of AU.,The patient has a history of both ears.,The patient has a history of AU.,"The ""without dictionary"" transcript left ""AU"" as an unexpanded acronym, while the ""with dictionary"" transcript correctly expanded it to ""both ears.""",HELPS,
AD,acronym,right ear,HELPS,0.131,The patient has a history of AD.,The patient has a history of right ear.,The patient has a history of AD.,"The dictionary successfully expanded ""AD"" to ""right ear,"" which is the target pronunciation, while the without-dictionary version left it as the ambiguous acronym.",HELPS,
AS,acronym,left ear,HELPS,0.098,The patient has a history of AS.,The patient has a history of left ear.,The patient has a history of AS.,"The dictionary correctly expanded ""AS"" to ""left ear,"" which the without-dictionary version left as the unexpanded acronym.",HELPS,
APAP,acronym,acetaminophen,HELPS,0.294,The patient has a history of APAP.,The patient has a history of acetaminophen.,The patient has a history of APAP.,"The dictionary correctly expanded the acronym ""APAP"" to ""acetaminophen,"" which the listener clearly understood, while the without-dictionary version left the acronym unexpanded.",HELPS,
NSAID,acronym,non-steroidal anti-inflammatory drug,HELPS,0.396,The patient has a history of NSAID.,The patient has a history of non-steroidal anti-inflammatory drug.,The patient has a history of NSAID.,"The dictionary expanded the acronym to its full form, which the listener correctly transcribed, while the without-dictionary version left the acronym unexpanded.",HELPS,
PPI,acronym,proton pump inhibitor,HELPS,0.25,The patient has a history of PPI.,The patient has a history of proton pump inhibitor.,The patient has a history of PPI.,"The ""without dictionary"" transcript left the acronym ""PPI"" unexpanded, while the ""with dictionary"" transcript correctly expanded it to ""proton pump inhibitor.""",HELPS,
ARB,acronym,angiotensin receptor blocker,HELPS,0.291,The patient has a history of ARB.,The patient has a history of angiotensin receptor blocker.,The patient has a history of ARB.,"The ""without dictionary"" transcript left the acronym ""ARB"" unexpanded, while the ""with dictionary"" transcript correctly produced the full expansion ""angiotensin receptor blocker.""",HELPS,
ACE,acronym,angiotensin-converting enzyme,HELPS,0.378,The patient has a history of ACE.,The patient has a history of angiotensin converting enzyme.,The patient has a history of ACE.,"The ""with dictionary"" transcript fully expands ""ACE"" to ""angiotensin converting enzyme,"" while the ""without dictionary"" transcript left it as the unexpanded acronym.",HELPS,
BB,acronym,beta blocker,HELPS,0.217,The patient has a history of BB.,The patient has a history of beta blocker.,The patient has a history of BB.,"The dictionary correctly expanded ""BB"" to ""beta blocker,"" which the without-dictionary version left as the unexpanded acronym.",HELPS,
CCB,acronym,calcium channel blocker,HELPS,0.427,The patient has a history of CCB.,The patient has a history of calcium channel blocker.,The patient has a history of CCB.,"The ""without dictionary"" transcript left the acronym ""CCB"" unexpanded, while the ""with dictionary"" transcript correctly expanded it to ""calcium channel blocker.""",HELPS,
SSRI,acronym,se-lek-TIV ser-uh-TON-in re-UP-take in-HIB-i-ter,WASH,0.308,The patient has a history of SSRI.,The patient has a history of CELAC-TIV-suratunin-reupetate inhibitor.,The patient has a history of SSRI.,"Both transcripts fail to clearly render the target expansion; the dictionary version attempts the expansion but produces garbled output (""CELAC-TIV-suratunin-reupetate inhibitor""), while the no-dictionary version just keeps ""SSRI"" — neither is a clear recovery of the correct term.",HELPS,
SNRI,acronym,se-LEK-tiv ser-uh-TON-in nor-e-PIN-e-frin re-UP-take in-HIB-i-ter,HELPS,0.434,The patient has a history of SNRI.,The patient has a history of C-elective suratunin nor epinephrine re-UPtake inhibitor.,The patient has a history of SNRI.,"The dictionary transcript recovers the full expansion ""serotonin norepinephrine reuptake inhibitor"" matching the target pronunciation, while the without-dictionary transcript only had the acronym ""SNRI"".",HELPS,
TCA,acronym,tri-SIK-lik an-TI-de-PRE-sant,WASH,0.259,The patient has a history of TCA.,The patient has a history of Tri-Sik-like and Ti2P-Parisant.,The patient has a history of TCA.,"Both transcripts fail to clearly produce the target expansion ""tri-SIK-lik an-TI-de-PRE-sant""; the dictionary version produces garbled fragments (""Tri-Sik-like and Ti2P-Parisant"") rather than a clear recovery of the correct term.",HELPS,
MAOI,acronym,mono-amine OK-si-DASE in-HIB-i-ter,HELPS,0.301,The patient has a history of Maui.,The patient has a history of monoamine okcidase inhibitor.,The patient has a history of MAOI.,"The dictionary transcript recovers the correct expansion ""monoamine oxidase inhibitor"" while the without-dictionary transcript misheard it as ""Maui.""",HELPS,
DM,acronym,di-a-BE-teez mel-LI-tus,HELPS,0.356,The patient has a history of DM.,The patient has a history of Diabetis mellitus.,The patient has a history of DM.,"The ""with dictionary"" transcript expands ""DM"" to ""Diabetis mellitus,"" which closely matches the target ""diabetes mellitus,"" while the ""without dictionary"" transcript left it as the unexpanded acronym ""DM.""",HELPS,
HTN,acronym,hi-per-TEN-shun,HELPS,0.143,The patient has a history of HTN.,The patient has a history of hypertension.,The patient has a history of HTN.,"The dictionary expanded ""HTN"" to ""hypertension,"" which matches the target pronunciation goal, while the without-dictionary version left it as the unexpanded acronym.",HELPS,
HLD,acronym,hi-per-LIP-i-dee-mee-uh,WASH,0.169,The patient has a history of HLD.,The patient has a history of hyperlip ID knee.,The patient has a history of HLD.,"Both transcripts fail to clearly produce the target term ""hyperlipidemia""; the dictionary version attempts an expansion but produces a garbled ""hyperlip ID knee"" rather than the correct pronunciation.",HELPS,
CAD,acronym,co-ROH-ner-ee AR-ter-ee di-ZEEZ,WASH,0.303,The patient has a history of CAD.,The patient has a history of Co-Ro-Eachner-E ARTER-E disease.,The patient has a history of CAD.,"unparsed judge output: 'VERDICT|HURTS — the without-dictionary transcript correctly produced ""CAD"" as the acronym, while the with-dictionary transcript mangled it into a garbled expansion attempt (""Co-Ro-Eachner-E ARTER-E disease"") that fails to recover the target pronunciation.'",HELPS,
PVD,acronym,per-i-FER-ul vas-KYOO-ler di-ZEEZ,WASH,0.216,The patient has a history of PVD.,The patient has a history of periferolvas-QoOler disease.,The patient has a history of PVD.,unparsed judge output: 'VERDICT|HURTS',HELPS,
CKD,acronym,kron-ik KID-nee di-ZEEZ,HELPS,0.308,The patient has a history of CKD.,The patient has a history of chronic KID knee disease.,The patient has a history of CKD.,"The dictionary transcript expands CKD to ""chronic KID knee disease,"" which closely matches the target pronunciation ""kron-ik KID-nee di-ZEEZ,"" while the without-dictionary transcript left it as the unexpanded acronym ""CKD.""",HELPS,
ESRD,acronym,end-STAGE re-NAL di-ZEEZ,HELPS,0.278,The patient has a history of ESRD.,The patient has a history of end-stage renal disease.,The patient has a history of ESRD.,"The dictionary expanded the acronym ""ESRD"" into its full form ""end-stage renal disease,"" which the without-dictionary version left as the unexpanded acronym.",HELPS,
AKI,acronym,ak-YOOT KID-nee in-JER-ee,WASH,0.318,The patient has a history of AKI.,The patient has a history of acute KID knee in JRE.,The patient has a history of AKI.,"Both transcripts fail to clearly produce the target expansion ""acute kidney injury""; the dictionary version attempts it but fragments into ""KID knee in JRE,"" which is not a clear recovery.",HELPS,
ASTHMA,acronym,AZ-muh,WASH,0.045,The patient has a history of ASSMA.,The patient has a history of aizema.,The patient has a history of ASTHMA.,"Both transcripts miss the target ""AZ-muh""; ""ASSMA"" is closer to the intended acronym than ""aizema,"" but neither recovers it clearly, and the similarity gain is negligible.",HELPS,
GERD,acronym,gas-tro-es-uh-FAJ-ul re-FLUKS di-ZEEZ,WASH,0.202,The patient has a history of GERD.,The patient has a history of Gastro's F.A.J. Olre-Effelux disease.,The patient has a history of GERD.,Both transcripts fail to clearly render the target pronunciation; the dictionary version produces a garbled attempt at expansion but doesn't recover the correct term clearly.,HELPS,
IBD,acronym,in-FLAM-a-tor-ee bo-WEL di-ZEEZ,HELPS,0.165,The patient has a history of IBD.,The patient has a history of inflammatory Bowell disease.,The patient has a history of IBD.,"The dictionary expanded ""IBD"" to ""inflammatory Bowell disease,"" which closely matches the target pronunciation goal, while the without-dictionary version left it as the unexpanded acronym.",HELPS,
IBS,acronym,i-RI-ta-bul bo-WEL SIN-drom,WASH,0.28,The patient has a history of IBS.,The patient has a history of irate-able Bow-Well syndrome.,The patient has a history of IBS.,"unparsed judge output: 'VERDICT|HURTS — the without-dictionary transcript already correctly captured ""IBS,"" while the with-dictionary version produced a garbled ""irate-able Bow-Well syndrome"" that fails to recover the intended acronym.'",HELPS,
NASH,acronym,non-al-ka-ho-LIK ste-to-hep-a-TI-tis,WASH,0.279,The patient has a history of NASH.,The patient has a history of non-alcohol-like stetihepatitis.,The patient has a history of NASH.,"unparsed judge output: 'VERDICT|HURTS — the without-dictionary transcript correctly produced ""NASH,"" while the with-dictionary transcript mangled the expansion into ""non-alcohol-like stetihepatitis,"" which is garbled and incorrect.'",HELPS,
NAFLD,acronym,non-al-ka-ho-LIK FAT-ee li-VER di-ZEEZ,HELPS,0.304,The patient has a history of NAFLD.,The patient has a history of non-alcohol-like Fat E live ear disease.,The patient has a history of NAFLD.,"The without-dictionary transcript left ""NAFLD"" unexpanded, while the with-dictionary transcript attempted the full expansion ""non-alcohol-like Fat E live ear disease,"" which, despite some misrenderings, clearly recovers the intended term.",HELPS,
HCC,acronym,he-PAT-o-sel-YOO-ler kar-si-NO-ma,HELPS,0.296,The patient has a history of HCC.,The patient has a history of he-pat-o-cell-yo-o-ler carcinoma.,The patient has a history of HCC.,"The without-dictionary transcript left ""HCC"" as an unexpanded acronym, while the with-dictionary transcript successfully expanded it to the target pronunciation ""he-pat-o-cell-yo-o-ler carcinoma.""",HELPS,
ALL,acronym,ak-YOOT lym-fo-BLAS-tik le-KEE-mee-uh,WASH,0.2,The patient has a history of all.,The patient has a history of acute lymphoblase tick leikimie.,The patient has a history of ALL.,"Both transcripts fail to clearly produce the target expansion; the dictionary version attempts the expansion but garbles it (""lymphoblase tick leikimie""), while the no-dictionary version just says ""all"" — neither is a clear recovery.",HELPS,
AML,acronym,ak-YOOT my-eh-LOYD le-KEE-mee-uh,WASH,0.163,The patient has a history of AML.,The patient has a history of acute myelo-elikemia.,The patient has a history of AML.,"Both transcripts fail to clearly produce the target expansion; the dictionary version attempts ""acute myelo-elikemia"" which is closer but still garbled and not a clear recovery of the correct term.",HELPS,
CLL,acronym,kron-ik lym-fo-SIT-ik le-KEE-mee-uh,WASH,0.172,The patient has a history of CLL.,"The patient has a history of chronic lymphocytic lechaemia,",The patient has a history of CLL.,"unparsed judge output: 'VERDICT| HELPS — the dictionary version expands ""CLL"" into ""chronic lymphocytic"" (matching the target), while the without-dictionary version leaves it as the unexpanded acronym ""CLL.""'",HELPS,
CML,acronym,kron-ik my-eh-LOY-deh-ner-tiv le-KEE-mee-uh,WASH,0.287,The patient has a history of CML.,The patient has a history of chronic myeloidanner tivleukemia.,The patient has a history of CML.,"unparsed judge output: 'VERDICT| HURTS — the without-dictionary transcript cleanly preserved the acronym ""CML,"" while the with-dictionary transcript garbled the expansion into ""chronic myeloidanner tivleukemia,"" which is fragmented and less intelligible.'",HELPS,
NHL,acronym,non-HOJ-kin lym-FO-ma,HELPS,0.279,The patient has a history of NHL.,The patient has a history of non-OJKIN lymphoma.,The patient has a history of NHL.,"The dictionary version expanded ""NHL"" to ""non-OJKIN lymphoma,"" which is much closer to the target ""non-HOJ-kin lym-FO-ma"" than the unexpanded ""NHL"" in the without-dictionary version.",HELPS,
Hodgkin,acronym,HOJ-kin,WASH,0.045,The patient has a history of Hodgkin.,The patient has a history of HOJ-Ken.,The patient has a history of Hodgkin.,"Both transcripts capture the term reasonably, but the dictionary version ""HOJ-Ken"" is actually less accurate than the original ""Hodgkin"" for the target pronunciation ""HOJ-kin"".",WASH,
MM,acronym,mul-TI-pul my-eh-LO-ma,HELPS,0.278,The patient has a history of M.M.,The patient has a history of multi-eye pull myeloma.,The patient has a history of MM.,"The ""with dictionary"" transcript recovers the full expansion ""multiple myeloma"" (rendered as ""multi-eye pull myeloma""), while the ""without dictionary"" transcript only got the abbreviation ""M.M.""",HELPS,
SLE,acronym,sis-TEM-ik loo-PUS er-i-thee-ma-TO-sus,HELPS,0.295,The patient has a history of SLE.,The patient has a history of systemic lupus erythematosus.,The patient has a history of SLE.,"The dictionary expanded the acronym SLE into its full form ""systemic lupus erythematosus,"" which matches the target pronunciation, while the without-dictionary version left it as the unexpanded acronym.",HELPS,
RA,acronym,rew-ma-TOYD ar-THRI-tis,HELPS,0.19,The patient has a history of RA.,The patient has a history of rheumatoid RTHRitis.,The patient has a history of RA.,"The dictionary entry successfully expanded ""RA"" to ""rheumatoid arthritis"" in the with-dictionary transcript, whereas the without-dictionary transcript left it as the unexpanded acronym ""RA.""",HELPS,
OA,acronym,os-tee-o-ar-THRI-tis,WASH,0.103,The patient has a history of OA.,The patient has a history of AusTari Tis.,The patient has a history of OA.,"Both transcripts fail to recover the target expansion ""os-tee-o-ar-THRI-tis""; the dictionary version produces a garbled attempt but doesn't clearly improve recognition of the correct term.",HELPS,
DJD,acronym,de-JEN-er-a-tiv jint di-ZEEZ,WASH,0.196,The patient has a history of DJD.,The patient has a history of degenerative Gint disease.,The patient has a history of DJD.,"Both transcripts fail to clearly produce the target pronunciation ""de-JEN-er-a-tiv jint di-ZEEZ""; the dictionary version gets closer with ""degenerative"" but mispronounces ""joint"" as ""Gint"" and omits ""disease"" expansion.",HELPS,
GOUT,acronym,gowt,HELPS,0.053,The patient has a history of GUTE.,The patient has a history of gout.,The patient has a history of GOUT.,"The ""without dictionary"" transcript produced ""GUTE"" (an incorrect expansion), while the ""with dictionary"" transcript correctly recovered ""gout"".",WASH,
MG,acronym,myasthenia gravis,HELPS,0.211,The patient has a history of M.G.,The patient has a history of myasthenia gravis.,The patient has a history of MG.,"The dictionary expanded the acronym ""M.G."" into the full term ""myasthenia gravis,"" which matches the target pronunciation goal.",HELPS,
MS,acronym,multiple sclerosis,HELPS,0.265,The patient has a history of MS.,The patient has a history of multiple sclerosis.,The patient has a history of MS.,"The dictionary correctly expanded ""MS"" to ""multiple sclerosis,"" which the without-dictionary version left as the unexpanded acronym.",HELPS,
ALS,acronym,amyotrophic lateral sclerosis,HELPS,0.401,The patient has a history of ALS.,The patient has a history of amyotrophic lateral sclerosis.,The patient has a history of ALS.,"The dictionary expanded the acronym ""ALS"" into its full form ""amyotrophic lateral sclerosis,"" which the without-dictionary version left as the unexpanded acronym.",HELPS,
GBS,acronym,Guillain-Barré syndrome,HELPS,0.498,The patient has a history of GBS.,The patient has a history of Guillain-Barré syndrome.,The patient has a history of GBS.,"The dictionary expanded the acronym ""GBS"" into the full term ""Guillain-Barré syndrome,"" which is the target pronunciation goal.",HELPS,
TBI,acronym,traumatic brain injury,HELPS,0.267,The patient has a history of TBI.,The patient has a history of traumatic brain injury.,The patient has a history of TBI.,"The ""with dictionary"" transcript correctly expands the acronym to ""traumatic brain injury,"" while the ""without dictionary"" transcript left it as the unexpanded acronym ""TBI.""",HELPS,
PD,acronym,Parkinson disease,HELPS,0.189,The patient has a history of PD.,The patient has a history of Parkinson's disease.,The patient has a history of PD.,"The dictionary expanded ""PD"" to ""Parkinson's disease,"" which matches the target pronunciation goal, while the without-dictionary version left it as the ambiguous acronym ""PD.""",HELPS,
HD,acronym,Huntington disease,HELPS,0.225,The patient has a history of HD.,The patient has a history of Huntington disease.,The patient has a history of HD.,"The dictionary expanded ""HD"" to ""Huntington disease,"" which is the correct target expansion, while the without-dictionary version left it as the unexpanded acronym.",HELPS,
CJD,acronym,Creutzfeldt-Jakob disease,HELPS,0.349,The patient has a history of CJD.,The patient has a history of Creutzfeldt-Jakob disease.,The patient has a history of CJD.,"The dictionary expanded the acronym CJD to its full form ""Creutzfeldt-Jakob disease,"" which the listener correctly transcribed, while the without-dictionary version left it as the unexpanded acronym.",HELPS,
SCI,acronym,spinal cord injury,HELPS,0.31,The patient has a history of SEI.,The patient has a history of spinal cord injury.,The patient has a history of SCI.,"The ""with dictionary"" transcript correctly expands ""SCI"" to ""spinal cord injury,"" while the ""without dictionary"" transcript misheard it as ""SEI.""",HELPS,
CA,acronym,cancer,HELPS,0.18,The patient has a history of CA.,The patient has a history of cancer.,The patient has a history of CA.,"The dictionary expanded ""CA"" to ""cancer,"" which matches the target pronunciation goal, while the without-dictionary version left it as the ambiguous abbreviation.",HELPS,
N/V,acronym,nausea and vomiting,HELPS,0.283,The patient has a history of N slash V.,The patient has a history of nausea and vomiting.,The patient has a history of N/V.,"The dictionary correctly expanded the acronym to ""nausea and vomiting,"" while without it the listener only heard the literal ""N slash V.""",HELPS,
SOB,acronym,shortness of breath,HELPS,0.213,The patient has a history of SOB.,The patient has a history of shortness of breath.,The patient has a history of SOB.,"The dictionary correctly expanded the acronym ""SOB"" to its full form ""shortness of breath,"" which the listener without the dictionary left as the unexpanded acronym.",HELPS,
CP,acronym,cerebral palsy,HELPS,0.222,The patient has a history of CP.,The patient has a history of cerebral palsy.,The patient has a history of CP.,"The ""without dictionary"" transcript left the acronym ""CP"" unexpanded, while the ""with dictionary"" transcript correctly expanded it to ""cerebral palsy.""",HELPS,
N/V/D,acronym,nausea vomiting and diarrhea,HELPS,0.37,The patient has a history of N slash V slash D.,"The patient has a history of nausea, vomiting, and diarrhea.",The patient has a history of N/V/D.,"The dictionary entry successfully expanded the acronym ""N/V/D"" into its full form ""nausea, vomiting, and diarrhea,"" which the listener clearly understood, whereas without it the listener only heard the literal slash-separated letters.",HELPS,
LOC,acronym,loss of consciousness,HELPS,0.361,The patient has a history of LOC.,The patient has a history of loss of consciousness.,The patient has a history of LOC.,"The dictionary expanded the acronym ""LOC"" to its full form ""loss of consciousness,"" which the listener without the dictionary left as the unexpanded acronym.",HELPS,
GCS,acronym,Glasgow Coma Scale,HELPS,0.271,The patient has a history of GCS.,The patient has a history of Glasgow Coma Scale.,The patient has a history of GCS.,"The dictionary expanded the acronym ""GCS"" to its full form ""Glasgow Coma Scale,"" which the without-dictionary version left as the unexpanded acronym.",HELPS,
HEENT,acronym,head eyes ears nose and throat,HELPS,0.357,The patient has a history of Hent.,"The patient has a history of head, eyes, ears, nose, and throat.",The patient has a history of HEENT.,"The dictionary correctly expanded the acronym to its full form ""head, eyes, ears, nose, and throat,"" while without it the term was misheard as ""Hent.""",HELPS,
CV,acronym,cardiovascular,HELPS,0.265,The patient has a history of CV.,The patient has a history of cardiovascular.,The patient has a history of CV.,"The ""with dictionary"" transcript correctly expands ""CV"" to ""cardiovascular,"" while the ""without dictionary"" transcript left it as the ambiguous abbreviation.",HELPS,
GI,acronym,gastrointestinal,HELPS,0.266,The patient has a history of GI.,The patient has a history of gastrointestinal.,The patient has a history of GI.,"The ""with dictionary"" transcript correctly expands ""GI"" to ""gastrointestinal,"" while the ""without dictionary"" transcript left it as the unexpanded acronym.",HELPS,
GU,acronym,genitourinary,WASH,0.125,The patient has a history of GU.,The patient has a history of geniturinary.,The patient has a history of GU.,"Both transcripts attempt the expansion but neither fully nails ""genitourinary"" — ""geniturinary"" is slightly closer but still mispronounced, and the without-dictionary version just kept the acronym which is also acceptable.",HELPS,
MSK,acronym,musculoskeletal,HELPS,0.375,The patient has a history of MSK.,The patient has a history of musculoskeletal.,The patient has a history of MSK.,"The dictionary expanded the acronym ""MSK"" to its full form ""musculoskeletal,"" which the listener correctly transcribed, while without the dictionary the listener only heard the unexpanded acronym.",HELPS,
Neuro,acronym,NEU-roh,WASH,-0.006,The patient has a history of neuro.,The patient has a history of NU-Rho.,The patient has a history of Neuro.,"Both transcripts attempt to render ""neuro"" but neither clearly produces ""NEU-roh""; the dictionary version ""NU-Rho"" is not a clear improvement and may even be slightly worse.",HELPS,
Psych,acronym,SYKE,WASH,0.051,The patient has a history of psych.,The patient has a history of SCA-K.,The patient has a history of Psych.,"Both transcripts fail to recover the target pronunciation ""SYKE""; the dictionary version produces a different wrong rendering (""SCA-K"") rather than improving on the original.",WASH,
Derm,acronym,derm,WASH,0.0,The patient has a history of derm.,The patient has a history of derm.,The patient has a history of Derm.,"Both transcripts are identical and correctly render ""derm"" as ""derm""; the dictionary entry produced no change.",WASH,
ENT,acronym,ear nose and throat,HELPS,0.389,The patient has a history of ENT.,"The patient has a history of ear, nose, and throat.",The patient has a history of ENT.,"The dictionary successfully expanded the acronym ""ENT"" to its full form ""ear, nose, and throat,"" which the without-dictionary version left as the unexpanded acronym.",HELPS,
OB,acronym,obstetrics,HELPS,0.305,The patient has a history of OB.,The patient has a history of obstetrics.,The patient has a history of OB.,"The ""without dictionary"" transcript left ""OB"" as an unexpanded acronym, while the ""with dictionary"" transcript correctly expanded it to ""obstetrics.""",HELPS,
GYN,acronym,gynecology,HELPS,0.26,The patient has a history of GYN.,The patient has a history of gynecology.,The patient has a history of GYN.,"The ""without dictionary"" transcript left the acronym as ""GYN"" while the ""with dictionary"" transcript correctly expanded it to ""gynecology.""",HELPS,
LMP,acronym,last menstrual period,HELPS,0.287,The patient has a history of LMP.,The patient has a history of last menstrual period.,The patient has a history of LMP.,"The ""with dictionary"" transcript correctly expands the acronym to ""last menstrual period,"" while the ""without dictionary"" transcript leaves it as the unexpanded acronym ""LMP.""",HELPS,
EDC,acronym,estimated date of confinement,HELPS,0.401,The patient has a history of EDC.,The patient has a history of estimated date of confinement.,The patient has a history of EDC.,"The dictionary expanded the acronym ""EDC"" into its full form ""estimated date of confinement,"" which the listener without the dictionary left as the unexpanded acronym.",HELPS,
Gest,acronym,gest,WASH,0.0,The patient has a history of jest.,The patient has a history of jest.,The patient has a history of Gest.,"Both transcripts produced ""jest"" identically, so the dictionary entry had no effect on the pronunciation.",WASH,
NS,acronym,normal saline,HELPS,0.242,The patient has a history of NS.,The patient has a history of normal saline.,The patient has a history of NS.,"The dictionary successfully expanded ""NS"" to ""normal saline,"" which the listener correctly transcribed, while the unexpanded version left the acronym uninterpreted.",HELPS,
LR,acronym,lactated Ringer's,HELPS,0.222,The patient has a history of LR.,The patient has a history of lactated ringers.,The patient has a history of LR.,"The dictionary expanded ""LR"" to ""lactated ringers,"" which is the correct target expansion, while the without-dictionary version left it as the unexpanded acronym.",HELPS,
D5W,acronym,D-five-W,WASH,0.0,The patient has a history of D5W.,The patient has a history of D5W.,The patient has a history of D5W.,"Both transcripts are identical, so the dictionary entry had no effect.",WASH,
D5NS,acronym,D-five-N-S,HURTS,-0.012,The patient has a history of D5 nanoseconds.,The patient has a history of D5NS.,The patient has a history of D5NS.,"The ""without dictionary"" transcript expanded ""D5NS"" into ""D5 nanoseconds,"" which is a plausible and correct expansion of the acronym, whereas the ""with dictionary"" transcript left it as the unexpanded letters ""D5NS,"" which is less helpful for a listener.",WASH,
D5LR,acronym,D-five-L-R,WASH,0.0,The patient has a history of D5LR.,The patient has a history of D5LR.,The patient has a history of D5LR.,"Both transcripts are identical, so the dictionary entry had no effect.",WASH,
KCl,acronym,potassium chloride,HELPS,0.271,The patient has a history of KCL.,The patient has a history of potassium chloride.,The patient has a history of KCl.,"The ""without dictionary"" transcript left the acronym as ""KCL"" while the ""with dictionary"" transcript correctly expanded it to ""potassium chloride.""",HELPS,
MgSO4,acronym,mag-NEE-zee-um sul-FATE,HELPS,0.262,The patient has a history of MIGS-04.,The patient has a history of magnesium sulfate.,The patient has a history of MgSO4.,"The dictionary transcript correctly expands ""MgSO4"" to ""magnesium sulfate,"" matching the target pronunciation, while the without-dictionary transcript produced a garbled ""MIGS-04.""",HELPS,
CaCl2,acronym,KAL-see-um KLOR-ide,WASH,0.077,The patient has a history of KHAL-2.,The patient has a history of KALCM-KALAR ID.,The patient has a history of CaCl2.,"Both transcripts fail to clearly produce ""calcium chloride""; the dictionary version is garbled (""KALCM-KALAR ID"") and not meaningfully closer to the target than the without-dictionary version.",HELPS,
NaHCO3,acronym,SOD-ee-um hye-DROK-sah-dye KAR-bo-nate,HELPS,0.244,The patient has a history of MAIHCO3.,The patient has a history of SODEM hydroxodide KARbonate.,The patient has a history of NaHCO3.,"The without-dictionary transcript garbled the term as ""MAIHCO3,"" while the with-dictionary transcript recovered the correct expansion ""SODEM hydroxodide KARbonate"" (close to the target ""SOD-ee-um hye-DROK-sah-dye KAR-bo-nate"").",HELPS,
ABG,acronym,arterial blood gas,HELPS,0.31,The patient has a history of ABG.,The patient has a history of arterial blood gas.,The patient has a history of ABG.,"The ""with dictionary"" transcript correctly expands ""ABG"" to ""arterial blood gas,"" while the ""without dictionary"" transcript leaves it as the unexpanded acronym.",HELPS,
VBG,acronym,venous blood gas,HELPS,0.271,The patient has a history of VBG.,The patient has a history of venous blood gas.,The patient has a history of VBG.,"The dictionary expanded the acronym ""VBG"" into its full form ""venous blood gas,"" which the listener without the dictionary left as the unexpanded acronym.",HELPS,
LP,acronym,lumbar puncture,HELPS,0.287,The patient has a history of LP.,The patient has a history of lumbar puncture.,The patient has a history of LP.,"The dictionary successfully expanded the acronym ""LP"" to its full form ""lumbar puncture,"" which the without-dictionary version left as the unexpanded acronym.",HELPS,
BM,acronym,bowel movement,HELPS,0.265,The patient has a history of BM.,The patient has a history of bowel movement.,The patient has a history of BM.,"The dictionary correctly expanded ""BM"" to ""bowel movement,"" which was the intended target, while the without-dictionary version left it as the ambiguous acronym.",HELPS,
PEG,acronym,PEG,WASH,0.0,The patient has a history of PEG.,The patient has a history of PEG.,The patient has a history of PEG.,"Both transcripts are identical and correctly render ""PEG"" as the acronym.",WASH,
ICD,acronym,implantable cardioverter defibrillator,HELPS,0.435,The patient has a history of ICD.,The patient has a history of implantable cardioverter defibrillator.,The patient has a history of ICD.,"The dictionary successfully expanded the acronym to its full form ""implantable cardioverter defibrillator,"" which the without-dictionary version left as the unexpanded acronym ""ICD.""",HELPS,
Pacemaker,acronym,PACE-may-ker,HURTS,-0.067,The patient has a history of pacemaker.,The patient has a history of pace may occur.,The patient has a history of Pacemaker.,"Without dictionary, ""pacemaker"" was correctly transcribed; with dictionary, it was fragmented into ""pace may occur,"" losing the target term entirely.",WASH,
AICD,acronym,automatic implantable cardioverter defibrillator,HELPS,0.445,The patient has a history of AICD.,The patient has a history of automatic implantable cardioverter defibrillator.,The patient has a history of AICD.,"The dictionary successfully expanded the acronym AICD into its full form ""automatic implantable cardioverter defibrillator,"" which the without-dictionary version left as the unexpanded acronym.",HELPS,
CABG,acronym,cabbage,HELPS,0.182,The patient has a history of Ski ABG.,The patient has a history of cabbage.,The patient has a history of CABG.,"The dictionary entry correctly produced ""cabbage"" matching the target pronunciation, while the without-dictionary version produced the garbled ""Ski ABG"".",WASH,
PCI,acronym,percutaneous coronary intervention,HELPS,0.366,The patient has a history of PCI.,The patient has a history of percutaneous coronary intervention.,The patient has a history of PCI.,"The dictionary expanded the acronym to its full form, which the listener correctly transcribed, while the without-dictionary version left it as the unexpanded acronym.",HELPS,
TAVR,acronym,TAH-ver,WASH,0.027,The patient has a history of Tavar.,The patient has a history of TA-Oshfer.,The patient has a history of TAVR.,"Both transcripts fail to recover the target ""TAH-ver""; the dictionary version (""TA-Oshfer"") is arguably worse than the natural ""Tavar"" guess.",HELPS,
TEVAR,acronym,TEV-ar,WASH,-0.045,The patient has a history of Tvar.,The patient has a history of TVR.,The patient has a history of TEVAR.,"Both transcripts fail to recover the correct ""TEV-ar"" pronunciation; the dictionary version produces ""TVR"" which is no closer to the target than ""Tvar.""",HELPS,
EVAR,acronym,EE-var,WASH,-0.006,The patient has a history of Ivar.,The patient has a history of EEVAR.,The patient has a history of EVAR.,"Both transcripts fail to clearly produce the target ""EE-var"" pronunciation; ""Ivar"" is a reasonable approximation and ""EEVAR"" is just a spelled-out acronym without clear pronunciation recovery.",HURTS,
PTCA,acronym,percutaneous transluminal coronary angioplasty,HELPS,0.454,The patient has a history of PTCA.,The patient has a history of percutaneous transluminal coronary angioplasty.,The patient has a history of PTCA.,"The dictionary expanded the acronym to its full form, which the listener without the dictionary left as the unexpanded ""PTCA.""",HELPS,
ETOH,acronym,alcohol,HELPS,0.172,The patient has a history of ETOH.,The patient has a history of alcohol.,The patient has a history of ETOH.,"The dictionary correctly expanded the acronym ""ETOH"" to ""alcohol,"" which is the intended target pronunciation, while the without-dictionary version left the acronym unexpanded.",HELPS,
IVDU,acronym,I-V drug use,HELPS,0.241,The patient has a history of IVDU.,The patient has a history of IV drug use.,The patient has a history of IVDU.,"The dictionary expanded the acronym to its full form ""IV drug use,"" which is the target pronunciation, while the without-dictionary version left it as the unexpanded acronym ""IVDU.""",HELPS,
ASA,acronym,ASPIR-in,HELPS,0.116,The patient has a history of ASA.,The patient has a history of aspirin.,The patient has a history of ASA.,"The dictionary successfully expanded the acronym ""ASA"" to ""aspirin,"" which was the target pronunciation goal, while the version without the dictionary left the acronym unexpanded.",HELPS,
NYD,acronym,not yet diagnosed,HELPS,0.291,The patient has a history of NYD.,The patient has a history of not yet diagnosed.,The patient has a history of NYD.,"The dictionary correctly expanded the acronym ""NYD"" to its full form ""not yet diagnosed,"" which the without-dictionary version left as the unexpanded acronym.",HELPS,
HX,acronym,history,WASH,-0.041,The patient has a history of HX.,The patient has a history of history.,The patient has a history of HX.,"Both transcripts contain the word ""history"" in the same position; the dictionary entry changed ""HX"" to ""history"" but the sentence already had ""history"" before it, so no meaningful improvement in recovering the target term.",HURTS,
Sx,acronym,symptoms,HELPS,0.153,The patient has a history of sex.,The patient has a history of symptoms.,The patient has a history of Sx.,"The dictionary correctly expanded ""Sx"" to ""symptoms,"" while without it the TTS misread the abbreviation as ""sex.""",HELPS,
Tx,acronym,treatment,HELPS,0.034,The patient has a history of TX.,The patient has a history of treatment.,The patient has a history of Tx.,"The dictionary correctly expanded ""Tx"" to ""treatment,"" while the without-dictionary version left it as the ambiguous ""TX.""",HELPS,
Dx,acronym,diagnosis,HELPS,0.131,The patient has a history of DX.,The patient has a history of diagnosis.,The patient has a history of Dx.,"The ""with dictionary"" transcript correctly expands ""Dx"" to ""diagnosis,"" while the ""without dictionary"" transcript leaves it as the unexpanded abbreviation ""DX.""",HELPS,
Rx,acronym,prescription,HELPS,0.263,The patient has a history of Rx.,The patient has a history of prescription.,The patient has a history of Rx.,"The ""with dictionary"" transcript correctly expands ""Rx"" to ""prescription,"" while the ""without dictionary"" transcript left it as the unexpanded abbreviation.",HELPS,
FHx,acronym,family history,WASH,0.057,The patient has a history of FHX.,The patient has a history of family history.,The patient has a history of FHx.,Both transcripts convey the same information; the dictionary version spells out the acronym but doesn't meaningfully improve comprehension of the medical term.,HELPS,
SHx,acronym,social history,WASH,0.057,The patient has a history of SHX.,The patient has a history of social history.,The patient has a history of SHx.,unparsed judge output: 'VERDICT|HELPS',HELPS,
myocardial infarction,clinical,my-oh-KAR-dee-al in-FARK-shun,HURTS,-0.123,The patient was diagnosed with myocardial infarction.,The patient was diagnosed with my OKRDL infarction.,The patient was diagnosed with myocardial infarction.,"The without-dictionary transcript correctly rendered ""myocardial infarction,"" while the with-dictionary transcript garbled it into ""my OKRDL infarction.""",HURTS,
angina pectoris,clinical,an-JY-nah PEK-tor-is,HURTS,-0.112,The patient was diagnosed with angina pectoris.,The patient was diagnosed with N'Jaywai Na Piek Torres.,The patient was diagnosed with angina pectoris.,"Without dictionary, the term ""angina pectoris"" was correctly transcribed; with dictionary, it became garbled nonsense (""N'Jaywai Na Piek Torres""), clearly worse.",WASH,
arrhythmia,clinical,a-RITH-mee-ah,WASH,0.0,The patient was diagnosed with arrhythmia.,"The patient was diagnosed with arrhythmia,",The patient was diagnosed with arrhythmia.,"Both transcripts contain the correct term ""arrhythmia"" with no meaningful difference.",HURTS,
atrial fibrillation,clinical,AY-tree-al fib-ri-LAY-shun,HURTS,-0.154,The patient was diagnosed with atrial fibrillation.,The patient was diagnosed with AYtriol Fibriela Shun.,The patient was diagnosed with atrial fibrillation.,"The without-dictionary transcript correctly rendered ""atrial fibrillation,"" while the with-dictionary transcript mangled it into ""AYtriol Fibriela Shun.""",HURTS,
ventricular fibrillation,clinical,ven-TRIK-yoo-lar fib-ri-LAY-shun,WASH,0.0,The patient was diagnosed with ventricular fibrillation.,The patient was diagnosed with ventricular fibrillation.,The patient was diagnosed with ventricular fibrillation.,"Both transcripts are identical and correctly render the term, so the dictionary made no difference.",WASH,
tachycardia,clinical,tak-ee-KAR-dee-ah,HURTS,-0.143,The patient was diagnosed with tachycardia.,The patient was diagnosed with taikiardia.,The patient was diagnosed with tachycardia.,"The ""without dictionary"" transcript correctly rendered ""tachycardia,"" while the ""with dictionary"" transcript garbled it to ""taikiardia.""",HURTS,
bradycardia,clinical,brad-ee-KAR-dee-ah,HURTS,-0.136,The patient was diagnosed with bradycardia.,The patient was diagnosed with Brad E.K.R. Diah.,The patient was diagnosed with bradycardia.,"The without-dictionary transcript correctly rendered ""bradycardia,"" while the with-dictionary transcript garbled it into ""Brad E.K.R. Diah.""",HURTS,
hypertension,clinical,hy-per-TEN-shun,WASH,0.0,The patient was diagnosed with hypertension.,The patient was diagnosed with hypertension.,The patient was diagnosed with hypertension.,"Both transcripts already correctly rendered ""hypertension"" identically, so the dictionary entry provided no change.",HURTS,
hypotension,clinical,hy-poh-TEN-shun,WASH,0.0,The patient was diagnosed with hypotension.,The patient was diagnosed with hypotension.,The patient was diagnosed with hypotension.,"Both transcripts already correctly produced ""hypotension"" with no difference.",WASH,
atherosclerosis,clinical,ath-er-oh-skleh-ROH-sis,WASH,0.0,The patient was diagnosed with atherosclerosis.,The patient was diagnosed with atherosclerosis.,The patient was diagnosed with atherosclerosis.,"Both transcripts already correctly produced ""atherosclerosis"" with no difference.",HURTS,
endocarditis,clinical,en-doh-kar-DY-tis,WASH,0.0,The patient was diagnosed with endocarditis.,The patient was diagnosed with endocarditis.,The patient was diagnosed with endocarditis.,"Both transcripts already correctly produced ""endocarditis"" with no difference.",HURTS,
pericarditis,clinical,per-ee-kar-DY-tis,WASH,0.0,The patient was diagnosed with pericarditis.,The patient was diagnosed with pericarditis.,The patient was diagnosed with pericarditis.,"Both transcripts already produced the correct term ""pericarditis"" with no difference.",HURTS,
myocarditis,clinical,my-oh-kar-DY-tis,WASH,0.0,The patient was diagnosed with myocarditis.,The patient was diagnosed with myocarditis.,The patient was diagnosed with myocarditis.,"Both transcripts already correctly produced ""myocarditis"" with no difference.",WASH,
cardiomyopathy,clinical,kar-dee-oh-my-OP-ah-thee,WASH,-0.033,The patient was diagnosed with cardiomyopathy.,The patient was diagnosed with kardiomyopathy.,The patient was diagnosed with cardiomyopathy.,"Both transcripts convey the term clearly; the dictionary version's spelling ""kardiomyopathy"" is a minor orthographic variant but doesn't meaningfully improve or hurt comprehension.",WASH,
thromboembolism,clinical,throm-boh-EM-boh-liz-um,WASH,0.0,The patient was diagnosed with thromboembolism.,"The patient was diagnosed with thromboembolism,",The patient was diagnosed with thromboembolism.,"Both transcripts contain the correct term ""thromboembolism"" with no meaningful difference; the only change is a trailing comma.",HURTS,
thrombophlebitis,clinical,throm-boh-fleh-BY-tis,WASH,-0.056,The patient was diagnosed with thromboflebitis.,The patient was diagnosed with thromboflabie-witis.,The patient was diagnosed with thrombophlebitis.,"Both transcripts mispronounce the term; the dictionary version (""thromboflabie-witis"") is not closer to ""thrombophlebitis"" than the non-dictionary version (""thromboflebitis"").",WASH,
phlebitis,clinical,fleh-BY-tis,HURTS,-0.04,The patient was diagnosed with phlebitis.,The patient was diagnosed with Flabiitis.,The patient was diagnosed with phlebitis.,"The without-dictionary transcript already correctly rendered ""phlebitis,"" while the with-dictionary transcript garbled it into ""Flabiitis.""",WASH,
embolism,clinical,EM-boh-liz-um,WASH,-0.059,The patient was diagnosed with embolism.,"The patient was diagnosed with eambolesome,",The patient was diagnosed with embolism.,"Both transcripts fail to clearly render ""embolism"" correctly; the dictionary version is garbled (""eambolesome"") while the without-dictionary version at least contains the correct word, so the dictionary didn't help and arguably hurt, but the similarity gain is near zero.",WASH,
stenosis,clinical,steh-NOH-sis,HURTS,-0.103,The patient was diagnosed with stenosis.,The patient was diagnosed with Stain-OH-Sys.,The patient was diagnosed with stenosis.,"The without-dictionary transcript correctly rendered ""stenosis,"" while the with-dictionary transcript mangled it into ""Stain-OH-Sys.""",HURTS,
regurgitation,clinical,ree-gur-ji-TAY-shun,HURTS,-0.186,The patient was diagnosed with regurgitation.,"The patient was diagnosed with Ri Gergitoi Shun,",The patient was diagnosed with regurgitation.,"Without dictionary, ""regurgitation"" was correctly transcribed; with dictionary, it became garbled nonsense (""Ri Gergitoi Shun"").",WASH,
prolapse,clinical,proh-LAPS,WASH,0.0,The patient was diagnosed with prolapse.,The patient was diagnosed with prolapse.,The patient was diagnosed with prolapse.,"Both transcripts are identical and correctly contain the term ""prolapse.""",WASH,distil-whisper/distil-large-v2
aneurysm,clinical,AN-yoo-riz-um,HURTS,-0.216,The patient was diagnosed with aneurysm.,The patient was diagnosed with ANU rhizome.,The patient was diagnosed with aneurysm.,"The without-dictionary transcript correctly rendered ""aneurysm,"" while the with-dictionary transcript garbled it into ""ANU rhizome.""",HURTS,
dissection,clinical,dy-SEK-shun,WASH,0.0,The patient was diagnosed with dissection.,The patient was diagnosed with dissection.,The patient was diagnosed with dissection.,"Both transcripts are identical and correctly contain the target term ""dissection.""",WASH,
ischemia,clinical,is-KEE-mee-ah,WASH,-0.042,The patient was diagnosed with ischemia.,The patient was diagnosed with izkeemia.,The patient was diagnosed with ischemia.,"Both transcripts are garbled in different ways; the dictionary version ""izkeemia"" is not closer to ""ischemia"" than the original ""ischemia"" (which was already correct).",HURTS,
infarction,clinical,in-FARK-shun,WASH,0.0,The patient was diagnosed with infarction.,The patient was diagnosed with infarction.,The patient was diagnosed with infarction.,"Both transcripts already correctly rendered ""infarction"" identically, so the dictionary entry produced no change.",WASH,
reperfusion,clinical,REE-per-FYOO-zhun,WASH,-0.143,The patient was diagnosed with reperfusion.,The patient was diagnosed with re-per-FYO.,The patient was diagnosed with reperfusion.,"Both transcripts fail to clearly produce the target term ""reperfusion"" — the without-dictionary version spells it out correctly while the with-dictionary version fragments it into ""re-per-FYO,"" so neither is a clear win.",WASH,
hypercholesterolemia,clinical,HY-per-koh-LES-ter-oh-LEE-mee-ah,HURTS,-0.042,The patient was diagnosed with hypercholesterolemia.,The patient was diagnosed with HY-PerCo Lester Olemia.,The patient was diagnosed with hypercholesterolemia.,"The without-dictionary transcript correctly rendered ""hypercholesterolemia,"" while the with-dictionary transcript fragmented it into ""HY-perCo Lester Olemia.""",HURTS,
hypertriglyceridemia,clinical,HY-per-try-GLIS-er-ih-DEE-mee-ah,HURTS,-0.179,The patient was diagnosed with hypertriglyceridemia.,"The patient was diagnosed with HY-Protri, Glyss, Urus, or Edemia.",The patient was diagnosed with hypertriglyceridemia.,"The without-dictionary transcript correctly rendered ""hypertriglyceridemia,"" while the with-dictionary transcript fragmented it into nonsensical pieces.",HURTS,
hypoalbuminemia,clinical,HY-poh-al-BYOO-mih-NEE-mee-ah,HURTS,-0.06,The patient was diagnosed with hypoalbuminemia.,The patient was diagnosed with HY-Poalbio-Ominemia.,The patient was diagnosed with hypoalbuminemia.,"The without-dictionary transcript correctly rendered ""hypoalbuminemia,"" while the with-dictionary transcript fragmented it into ""HY-Poalbio-Ominemia,"" making it worse.",HURTS,
pneumonia,clinical,noo-MOHN-yah,HURTS,-0.101,The patient was diagnosed with pneumonia.,The patient was diagnosed with new moachynya.,The patient was diagnosed with pneumonia.,"Without dictionary, ""pneumonia"" was correctly transcribed; with dictionary, it was garbled into ""new moachynya.""",HURTS,
bronchitis,clinical,brong-KY-tis,WASH,0.0,The patient was diagnosed with bronchitis.,The patient was diagnosed with bronchitis.,The patient was diagnosed with bronchitis.,"Both transcripts already correctly rendered ""bronchitis"" with no change.",WASH,
bronchiectasis,clinical,brong-kee-EK-tah-sis,HURTS,-0.08,The patient was diagnosed with bronchiectasis.,The patient was diagnosed with bronchi-ek-tosis.,The patient was diagnosed with bronchiectasis.,"The without-dictionary transcript correctly produced ""bronchiectasis,"" while the with-dictionary transcript mangled it into ""bronchi-ek-tosis.""",WASH,
emphysema,clinical,em-fih-SEE-mah,WASH,0.0,The patient was diagnosed with emphysema.,The patient was diagnosed with M-physema.,The patient was diagnosed with emphysema.,"Both transcripts fail to clearly render ""emphysema"" correctly; the dictionary version (""M-physema"") is arguably worse than the already-correct ""emphysema"" without dictionary, but since the without-dictionary version was already right, this leans HURTS.",WASH,
pneumothorax,clinical,noo-moh-THOR-aks,HURTS,-0.078,The patient was diagnosed with pneumothorax.,The patient was diagnosed with pneumotar axe.,The patient was diagnosed with pneumothorax.,"The without-dictionary transcript correctly rendered ""pneumothorax,"" while the with-dictionary transcript mangled it into ""pneumotar axe.""",HURTS,
hemothorax,clinical,hee-moh-THOR-aks,HURTS,-0.077,The patient was diagnosed with hemothorax.,The patient was diagnosed with Hemotaraxe.,The patient was diagnosed with hemothorax.,"Without dictionary, ""hemothorax"" was correctly transcribed; with dictionary, it became garbled as ""Hemotaraxe.""",WASH,
pleural effusion,clinical,PLOO-ral eh-FYOO-zhun,HURTS,-0.172,The patient was diagnosed with pleural effusion.,The patient was diagnosed with Plural-Ef-Yon.,The patient was diagnosed with pleural effusion.,"The without-dictionary transcript correctly rendered ""pleural effusion,"" while the with-dictionary transcript garbled it into ""Plural-Ef-Yon.""",WASH,
pleurisy,clinical,PLOO-rih-see,HURTS,-0.125,The patient was diagnosed with pleurisy.,The patient was diagnosed with Plurashi.,The patient was diagnosed with pleurisy.,"The without-dictionary transcript correctly rendered ""pleurisy,"" while the with-dictionary transcript mangled it into ""Plurashi.""",HURTS,
atelectasis,clinical,at-ih-LEK-tah-sis,WASH,-0.015,The patient was diagnosed with atelectasis.,The patient was diagnosed with adahelectasis.,The patient was diagnosed with atelectasis.,"Both transcripts fail to clearly produce ""atelectasis"" — the without-dictionary version is correct, while the with-dictionary version is garbled (""adahelectasis""), but neither shows a clear recovery of the target term.",HURTS,
pulmonary embolism,clinical,PUL-moh-nair-ee EM-bol-izm,HURTS,-0.079,The patient was diagnosed with pulmonary embolism.,The patient was diagnosed with pilmonaire e-embolism.,The patient was diagnosed with pulmonary embolism.,"The without-dictionary transcript correctly rendered ""pulmonary embolism,"" while the with-dictionary transcript garbled it into ""pilmonaire e-embolism.""",WASH,
pulmonary edema,clinical,PUL-moh-nair-ee eh-DEE-mah,WASH,0.0,The patient was diagnosed with pulmonary edema.,The patient was diagnosed with pulmonary edema.,The patient was diagnosed with pulmonary edema.,"Both transcripts already correctly produced ""pulmonary edema"" with no difference.",HURTS,
pulmonary fibrosis,clinical,PUL-moh-nair-ee fy-BROH-sis,HURTS,-0.079,The patient was diagnosed with pulmonary fibrosis.,The patient was diagnosed with PL-Mo nare-E fibrosis.,The patient was diagnosed with pulmonary fibrosis.,"The without-dictionary transcript correctly rendered ""pulmonary fibrosis,"" while the with-dictionary transcript garbled it into ""PL-Mo nare-E fibrosis.""",WASH,
sarcoidosis,clinical,SAR-koy-DOH-sis,HURTS,-0.097,The patient was diagnosed with sarcoidosis.,The patient was diagnosed with sarkoi-do-h-sys.,The patient was diagnosed with sarcoidosis.,"The without-dictionary transcript correctly produced ""sarcoidosis,"" while the with-dictionary transcript mangled it into ""sarkoi-do-h-sys.""",HELPS,
tuberculosis,clinical,too-BER-kyoo-LOH-sis,HURTS,-0.162,The patient was diagnosed with tuberculosis.,The patient was diagnosed with 2 bar Q loachsis.,The patient was diagnosed with tuberculosis.,"The without-dictionary transcript correctly rendered ""tuberculosis,"" while the with-dictionary transcript garbled it into ""2 bar Q loachsis.""",WASH,
hypoxia,clinical,hy-POK-see-ah,WASH,0.0,The patient was diagnosed with hypoxia.,The patient was diagnosed with hypoxia.,The patient was diagnosed with hypoxia.,"Both transcripts already correctly produced ""hypoxia"" without the dictionary, so no change.",WASH,
hypercapnia,clinical,hy-per-KAP-nee-ah,WASH,0.0,The patient was diagnosed with hypercapnia.,The patient was diagnosed with hypercapnia.,The patient was diagnosed with hypercapnia.,"Both transcripts already produced the correct term ""hypercapnia"" with no difference.",WASH,
respiratory failure,clinical,RES-pih-rah-tor-ee FAYL-yer,WASH,-0.008,The patient was diagnosed with respiratory failure.,The patient was diagnosed with re-spiratory failure.,The patient was diagnosed with respiratory failure.,"Both transcripts convey ""respiratory failure"" clearly; the dictionary version's hyphenation is a minor artifact but doesn't change comprehension.",HURTS,
apnea,clinical,AP-nee-ah,WASH,0.0,The patient was diagnosed with apnea.,The patient was diagnosed with apnea.,The patient was diagnosed with apnea.,"Both transcripts already correctly produced ""apnea"" without needing the dictionary.",WASH,
dyspnea,clinical,DISP-nee-ah,WASH,0.0,The patient was diagnosed with dyspnea.,The patient was diagnosed with dyspnea.,The patient was diagnosed with dyspnea.,"Both transcripts already correctly produced ""dyspnea"" with no difference.",WASH,
hemoptysis,clinical,hee-MOP-tih-sis,WASH,-0.038,The patient was diagnosed with hemoptysis.,The patient was diagnosed with hemoptosis.,The patient was diagnosed with hemoptysis.,"Both transcripts are close attempts at the target term, with the dictionary version (""hemoptosis"") being a slight mispronunciation but not clearly worse than the original attempt at ""hemoptysis.""",HURTS,
stridor,clinical,STRY-dor,WASH,-0.049,The patient was diagnosed with Stridor.,The patient was diagnosed with SDR door.,The patient was diagnosed with stridor.,"Both transcripts fail to clearly render ""stridor"" — the without-dictionary version is closer to the target, while the with-dictionary version is garbled (""SDR door""), so the dictionary did not help and arguably hurt slightly, but neither is a clear recovery.",HELPS,
wheezing,clinical,WEE-zing,WASH,-0.042,The patient was diagnosed with wheezing.,The patient was diagnosed with WEE Zing.,The patient was diagnosed with wheezing.,"Both transcripts convey the term ""wheezing"" reasonably; the dictionary version adds a slight mispronunciation (""WEE Zing"") but the meaning is still clear, and the without-dictionary version was already correct.",WASH,
coryza,clinical,koh-RY-zah,WASH,0.0,The patient was diagnosed with Choriza.,The patient was diagnosed with Choriza.,The patient was diagnosed with coryza.,"Both transcripts produced the same incorrect rendering ""Choriza"" with no improvement from the dictionary.",HELPS,
gastroesophageal reflux,clinical,GAS-troh-ee-sof-ah-JEE-al REE-fluks,HURTS,-0.066,The patient was diagnosed with gastroesophageal reflux.,"The patient was diagnosed with GA-Astroesoph, a G-all reflux.",The patient was diagnosed with gastroesophageal reflux.,,WASH,
esophagitis,clinical,ee-sof-ah-JY-tis,HURTS,-0.148,The patient was diagnosed with esophagitis.,The patient was diagnosed with ESOF-Ajytis.,The patient was diagnosed with esophagitis.,"Without dictionary, the term was correctly rendered as ""esophagitis""; with dictionary, it became garbled ""ESOF-Ajytis.""",HELPS,
gastritis,clinical,gas-TRY-tis,WASH,-0.046,The patient was diagnosed with gastritis.,The patient was diagnosed with gas TRYtis.,The patient was diagnosed with gastritis.,"Both attempts are imperfect, but the without-dictionary version produced the correct term ""gastritis"" while the with-dictionary version fragmented it into ""gas TRYtis,"" so the dictionary did not help.",HURTS,
peptic ulcer,clinical,PEP-tik UL-ser,WASH,0.0,The patient was diagnosed with peptic ulcer.,The patient was diagnosed with Peptic Ulcer.,The patient was diagnosed with peptic ulcer.,"Both transcripts contain the correct term ""peptic ulcer""; the only difference is capitalization, which is not a pronunciation issue.",HURTS,
gastroenteritis,clinical,gas-tro-en-ter-EYE-tis,WASH,0.008,The patient was diagnosed with gastroenteritis.,The patient was diagnosed with gastroenteritis,The patient was diagnosed with gastroenteritis.,"Both transcripts are identical and correctly render ""gastroenteritis""; the dictionary entry produced no meaningful change.",WASH,
colitis,clinical,ko-LYE-tis,HURTS,-0.104,The patient was diagnosed with colitis.,The patient was diagnosed with koh-y-e tis.,The patient was diagnosed with colitis.,"The without-dictionary transcript correctly rendered ""colitis,"" while the with-dictionary transcript garbled it into ""koh-y-e tis.""",WASH,
ulcerative colitis,clinical,UL-ser-a-tiv ko-LYE-tis,WASH,-0.044,The patient was diagnosed with ulcerative colitis.,The patient was diagnosed with ulcerative co-yietis.,The patient was diagnosed with ulcerative colitis.,"Both transcripts attempt the term but neither is clean; the dictionary version (""co-yietis"") is actually worse than the natural rendering.",HURTS,
Crohn's disease,clinical,KROHNZ dih-ZEEZ,HURTS,-0.184,The patient was diagnosed with Crohn's disease.,The patient was diagnosed with K-R-O-H-N-Z's.,The patient was diagnosed with Crohn's disease.,"The without-dictionary transcript correctly rendered ""Crohn's disease,"" while the with-dictionary transcript produced a garbled letter-by-letter spelling ""K-R-O-H-N-Z's.""",HURTS,distil-whisper/distil-large-v2
diverticulitis,clinical,dye-ver-tik-yoo-LYE-tis,HURTS,-0.092,The patient was diagnosed with diverticulitis.,The patient was diagnosed with divertic u-y-e-tis.,The patient was diagnosed with diverticulitis.,"The without-dictionary transcript correctly produced ""diverticulitis,"" while the with-dictionary transcript garbled it into ""divertic u-y-e-tis.""",WASH,
appendicitis,clinical,a-pen-dih-SYE-tis,HURTS,-0.174,The patient was diagnosed with appendicitis.,The patient was diagnosed with append-DSYE.,The patient was diagnosed with appendicitis.,"Without dictionary, ""appendicitis"" was correctly rendered; with dictionary, it became garbled as ""append-DSYE.""",HURTS,
cholecystitis,clinical,ko-luh-sis-TYE-tis,HURTS,-0.148,The patient was diagnosed with cholecystitis.,The patient was diagnosed with colusis twiitis.,The patient was diagnosed with cholecystitis.,,WASH,
pancreatitis,clinical,pan-kree-a-TYE-tis,WASH,0.0,The patient was diagnosed with pancreatitis.,The patient was diagnosed with pancreatitis.,The patient was diagnosed with pancreatitis.,"Both transcripts already correctly produced ""pancreatitis"" with no difference.",WASH,
hepatitis,clinical,hep-a-TYE-tis,WASH,0.0,The patient was diagnosed with hepatitis.,The patient was diagnosed with hepatitis.,The patient was diagnosed with hepatitis.,"Both transcripts already correctly produced ""hepatitis"" with no difference.",WASH,
cirrhosis,clinical,sir-OH-sis,HURTS,-0.247,The patient was diagnosed with cirrhosis.,The patient was diagnosed with Sir O.A. Cis.,The patient was diagnosed with cirrhosis.,"The without-dictionary transcript correctly rendered ""cirrhosis,"" while the with-dictionary transcript mangled it into ""Sir O.A. Cis.""",WASH,
cholestasis,clinical,ko-luh-STAY-sis,WASH,-0.037,The patient was diagnosed with cholestasis.,The patient was diagnosed with cholustasis.,The patient was diagnosed with cholestasis.,"Both transcripts are close to the target, with the dictionary version slightly less accurate (""cholustasis"" vs ""cholestasis""), but the difference is minor and neither clearly recovers the term better.",WASH,
steatosis,clinical,stee-a-TOH-sis,HURTS,-0.13,The patient was diagnosed with stetosis.,The patient was diagnosed with STIA2H-Sys.,The patient was diagnosed with steatosis.,"The ""without dictionary"" transcript was close to the correct term (""stetosis""), while the ""with dictionary"" transcript became completely garbled (""STIA2H-Sys"").",WASH,
steatohepatitis,clinical,stee-a-toh-hep-a-TYE-tis,WASH,0.01,The patient was diagnosed with stetohepatitis.,The patient was diagnosed with steatohepatyaitis.,The patient was diagnosed with steatohepatitis.,"Both transcripts are garbled and neither clearly recovers the correct term ""steatohepatitis""; the dictionary version is slightly closer but still wrong.",WASH,
peritonitis,clinical,pair-ih-toh-NYE-tis,HURTS,-0.037,The patient was diagnosed with peritonitis.,The patient was diagnosed with peritoiitis.,The patient was diagnosed with peritonitis.,"The without-dictionary transcript correctly rendered ""peritonitis,"" while the with-dictionary transcript garbled it as ""peritoiitis.""",WASH,
ileus,clinical,IL-ee-us,WASH,0.052,The patient was diagnosed with Ilias.,The patient was diagnosed with ILES.,The patient was diagnosed with ileus.,"Both transcripts miss the target ""ileus""; ""ILES"" is slightly closer than ""Ilias"" but neither recovers the correct term clearly.",HURTS,
intussusception,clinical,in-tuh-suh-SEP-shun,WASH,-0.176,The patient was diagnosed with intussisception.,The patient was diagnosed with IntuSapTsun.,The patient was diagnosed with intussusception.,"Both transcripts fail to clearly produce the correct term ""intussusception""; the without-dictionary version is a minor misspelling (""intussisception"") while the with-dictionary version is garbled (""IntuSapTsun""), so neither meaningfully recovers the target.",HURTS,
volvulus,clinical,VOL-vyoo-lus,WASH,0.0,The patient was diagnosed with volvulus.,The patient was diagnosed with VOLVulus.,The patient was diagnosed with volvulus.,"Both transcripts contain the term ""volvulus"" essentially correctly; the dictionary version just adds capitalization emphasis but doesn't change pronunciation recovery.",WASH,
hematemesis,clinical,hee-ma-TEM-eh-sis,WASH,-0.03,The patient was diagnosed with hematemesis.,The patient was diagnosed with hematemsis.,The patient was diagnosed with hematemesis.,"Both transcripts are very close to the target, with the dictionary version missing one ""e"" but neither clearly better or worse overall.",HELPS,
melena,clinical,muh-LEE-na,WASH,-0.091,The patient was diagnosed with Melena.,The patient was diagnosed with Molina.,The patient was diagnosed with melena.,"Both transcripts mispronounce the term (""Melena"" vs ""Molina""), and neither correctly recovers the target pronunciation ""melena.""",HURTS,
hematochezia,clinical,hee-ma-toh-KEE-zee-a,WASH,-0.066,The patient was diagnosed with hematochesia.,The patient was diagnosed with hematocasia.,The patient was diagnosed with hematochezia.,"Both transcripts are wrong and neither recovers the correct term ""hematochezia""; the dictionary version (""hematocasia"") is arguably worse than the baseline (""hematochesia"").",HURTS,
choledocholithiasis,clinical,ko-led-oh-ko-lih-THIGH-a-sis,WASH,-0.036,The patient was diagnosed with colitocolithiasis.,The patient was diagnosed with Co-LED O-Coli Chichesis.,The patient was diagnosed with choledocholithiasis.,"Both transcripts fail to recover the target term clearly; the dictionary version is fragmented and arguably worse, but neither is correct.",HURTS,
cholelithiasis,clinical,ko-luh-lih-THIGH-a-sis,HURTS,-0.154,The patient was diagnosed with cholelithiasis.,The patient was diagnosed with Colulay Ichichesis.,The patient was diagnosed with cholelithiasis.,"The without-dictionary transcript correctly rendered ""cholelithiasis,"" while the with-dictionary transcript garbled it into ""Colulay Ichichesis.""",HURTS,
nephrolithiasis,clinical,nef-ro-lih-THIGH-a-sis,HURTS,-0.115,The patient was diagnosed with nephrolithiasis.,The patient was diagnosed with nephroly chichesis.,The patient was diagnosed with nephrolithiasis.,,WASH,
sialadenitis,clinical,sigh-al-a-deh-NYE-tis,WASH,0.021,The patient was diagnosed with psiladenitis.,The patient was diagnosed with scioladenyitis.,The patient was diagnosed with sialadenitis.,"Both transcripts are garbled and neither recovers the target term ""sialadenitis""; the dictionary version is arguably worse with ""scioladenyitis.""",HELPS,
nephritis,clinical,neh-FRY-tis,WASH,-0.027,The patient was diagnosed with nephritis.,The patient was diagnosed with nay ephoritis.,The patient was diagnosed with nephritis.,"Both attempts are imperfect; the dictionary version (""nay ephoritis"") is actually worse/more garbled than the clean ""nephritis"" without it.",HURTS,
nephrosis,clinical,neh-FROH-sis,HURTS,-0.105,The patient was diagnosed with nephrosis.,The patient was diagnosed with nay FROH cysts.,The patient was diagnosed with nephrosis.,"The without-dictionary transcript correctly rendered ""nephrosis,"" while the with-dictionary transcript garbled it into ""nay FROH cysts.""",HURTS,
glomerulonephritis,clinical,gloh-mer-yoo-loh-neh-FRY-tis,WASH,0.044,The patient was diagnosed with glomerulone ephrodus.,The patient was diagnosed with glomerulonea epharytis.,The patient was diagnosed with glomerulonephritis.,"Both transcripts garble the term similarly; neither recovers ""glomerulonephritis"" correctly, and the dictionary version is not meaningfully closer to the target.",HURTS,
pyelonephritis,clinical,pye-eh-loh-neh-FRY-tis,WASH,-0.028,The patient was diagnosed with pilonephritis.,The patient was diagnosed with pylonea ephoritis.,The patient was diagnosed with pyelonephritis.,"Both transcripts fail to clearly produce ""pyelonephritis""; the dictionary version is arguably worse with fragmentation (""pylonea ephoritis""), so no meaningful improvement.",WASH,
cystitis,clinical,sis-TYE-tis,WASH,-0.013,The patient was diagnosed with cystitis.,The patient was diagnosed with cystoyitis.,The patient was diagnosed with cystitis.,"Both transcripts are close to the target, but the dictionary version ""cystoyitis"" is actually slightly worse than the clean ""cystitis"" without the dictionary.",HURTS,
urethritis,clinical,yoo-reh-THRY-tis,HURTS,-0.192,The patient was diagnosed with urethritis.,The patient was diagnosed with U-Ray CHUs.,The patient was diagnosed with urethritis.,"The without-dictionary transcript correctly rendered ""urethritis,"" while the with-dictionary transcript garbled it into ""U-Ray CHUs.""",HURTS,
ureterolithiasis,clinical,yoo-REH-ter-oh-lih-THY-ah-sis,HURTS,-0.24,The patient was diagnosed with ureterolithiasis.,The patient was diagnosed with U-reached-her-olai-ichi-h-sys.,The patient was diagnosed with ureterolithiasis.,"Without the dictionary, the term was correctly rendered as ""ureterolithiasis,"" but with the dictionary it became a garbled phonetic breakdown ""U-reached-her-olai-ichi-h-sys.""",HURTS,
hydronephrosis,clinical,HY-droh-neh-FROH-sis,HURTS,-0.133,The patient was diagnosed with hydronephrosis.,The patient was diagnosed with HY-dronee-FRO-CH-SYS.,The patient was diagnosed with hydronephrosis.,"The without-dictionary transcript correctly rendered ""hydronephrosis,"" while the with-dictionary transcript produced a garbled phonetic spelling ""HY-dronee-FRO-CH-SYS"" that fails to recover the correct term.",WASH,
oliguria,clinical,oh-lih-GYOO-ree-ah,HURTS,-0.137,The patient was diagnosed with oliguria.,The patient was diagnosed with OLA-GYO-REA.,The patient was diagnosed with oliguria.,"The without-dictionary transcript correctly rendered ""oliguria,"" while the with-dictionary transcript mangled it into ""OLA-GYO-REA.""",HURTS,
anuria,clinical,an-YOO-ree-ah,WASH,-0.051,The patient was diagnosed with anuria.,"The patient was diagnosed with an urea,",The patient was diagnosed with anuria.,"Both transcripts fail to clearly capture ""anuria"" — the without-dictionary version has it correct as a word but the with-dictionary version splits it into ""an urea,"" so neither is a clear win, though the without-dictionary is arguably better.",HURTS,
hematuria,clinical,HEE-mah-TOO-ree-ah,WASH,0.0,The patient was diagnosed with hematuria.,"The patient was diagnosed with hematuria,",The patient was diagnosed with hematuria.,"Both transcripts contain the correct term ""hematuria"" with no meaningful difference.",HURTS,
proteinuria,clinical,PROH-tee-NYOO-ree-ah,WASH,0.014,The patient was diagnosed with progenyria.,The patient was diagnosed with PR-Ocetenioria.,The patient was diagnosed with proteinuria.,"Both transcripts are wrong and neither resembles ""proteinuria""; the dictionary version is arguably more garbled.",HURTS,distil-whisper/distil-large-v2
dysuria,clinical,dis-YOO-ree-ah,WASH,-0.054,The patient was diagnosed with dysuria.,The patient was diagnosed with dysphoria.,The patient was diagnosed with dysuria.,"Both transcripts are close but neither matches the target ""dysuria"" exactly; the dictionary version produced ""dysphoria"" which is a different (incorrect) word, so it didn't help and arguably hurt slightly, but the without-dictionary version also wasn't perfect.",HURTS,
incontinence,clinical,in-KON-tih-nens,WASH,0.0,The patient was diagnosed with incontinence.,The patient was diagnosed with incontinence.,The patient was diagnosed with incontinence.,"Both transcripts already correctly rendered ""incontinence,"" so the dictionary entry produced no change.",HURTS,
retention,clinical,ree-TEN-shun,WASH,-0.046,The patient was diagnosed with retention.,The patient was diagnosed with re-tension.,The patient was diagnosed with retention.,"Both transcripts are imperfect; the dictionary version ""re-tension"" is arguably worse than the original ""retention,"" and neither clearly recovers the target term better.",WASH,
azoospermia,clinical,AY-zoh-oh-SPER-mee-ah,WASH,0.024,The patient was diagnosed with Azuspermia.,The patient was diagnosed with AYZOOSparmia.,The patient was diagnosed with azoospermia.,"Both transcripts are garbled and neither clearly recovers ""azoospermia""; the dictionary version is slightly closer but still wrong.",HURTS,
oligospermia,clinical,OH-lih-goh-SPER-mee-ah,WASH,-0.049,The patient was diagnosed with oligospermia.,The patient was diagnosed with OH-Logospermia.,The patient was diagnosed with oligospermia.,"Both transcripts fail to cleanly produce ""oligospermia"" — the without-dictionary version is closer to the target, while the with-dictionary version introduces an erroneous ""OH-Logo"" prefix, so the dictionary did not help.",HURTS,
encephalopathy,clinical,en-SEH-fah-LOP-ah-thee,HURTS,-0.186,The patient was diagnosed with encephalopathy.,"The patient was diagnosed with NSEH-Fallop,",The patient was diagnosed with encephalopathy.,"Without dictionary the term was correctly rendered as ""encephalopathy,"" while with dictionary it became garbled as ""NSEH-Fallop.""",HURTS,
encephalitis,clinical,en-SEH-fah-LY-tis,HURTS,-0.113,The patient was diagnosed with encephalitis.,The patient was diagnosed with NSEH pholytis.,The patient was diagnosed with encephalitis.,"The without-dictionary transcript correctly rendered ""encephalitis,"" while the with-dictionary transcript garbled it into ""NSEH pholytis.""",WASH,
meningitis,clinical,MEH-nin-JY-tis,WASH,-0.189,The patient was diagnosed with meningitis.,The patient was diagnosed with MEH9JYtis.,The patient was diagnosed with meningitis.,"Both transcripts fail to clearly render ""meningitis"" correctly; the without-dictionary version is recognizable while the with-dictionary version is garbled, but neither is a clear win.",WASH,
myelitis,clinical,MY-eh-LY-tis,WASH,0.0,The patient was diagnosed with myelitis.,The patient was diagnosed with myelitis.,The patient was diagnosed with myelitis.,"Both transcripts are identical and correctly include the term ""myelitis,"" so the dictionary made no difference.",HURTS,
neuropathy,clinical,nyoo-ROP-ah-thee,WASH,0.0,The patient was diagnosed with neuropathy.,The patient was diagnosed with neuropathy.,The patient was diagnosed with neuropathy.,"Both transcripts already correctly produced ""neuropathy"" with no difference.",HURTS,
radiculopathy,clinical,rah-DIK-yoo-LOP-ah-thee,HURTS,-0.093,The patient was diagnosed with radiculopathy.,The patient was diagnosed with Ra-Dyke-U-Lopathy.,The patient was diagnosed with radiculopathy.,"The without-dictionary transcript correctly produced ""radiculopathy,"" while the with-dictionary transcript garbled it into ""Ra-Dyke-U-Lopathy.""",HURTS,
myelopathy,clinical,MY-eh-LOP-ah-thee,HURTS,-0.051,The patient was diagnosed with myelopathy.,The patient was diagnosed with M.Y. Lopathy.,The patient was diagnosed with myelopathy.,"The without-dictionary transcript correctly rendered ""myelopathy,"" while the with-dictionary transcript fragmented it into ""M.Y. Lopathy,"" making it worse.",HURTS,distil-whisper/distil-large-v2
ataxia,clinical,ah-TAK-see-ah,WASH,-0.006,The patient was diagnosed with ataxia.,The patient was diagnosed with a taxia.,The patient was diagnosed with ataxia.,"judge call failed: <urlopen error [Errno 8] nodename nor servname provided, or not known>",WASH,
dysarthria,clinical,dis-AR-three-ah,WASH,0.0,The patient was diagnosed with dysarthria.,The patient was diagnosed with dysarthria.,The patient was diagnosed with dysarthria.,"Both transcripts already correctly produced ""dysarthria,"" so the dictionary entry provided no additional benefit.",HURTS,
aphasia,clinical,ah-FAY-zhah,WASH,-0.006,The patient was diagnosed with aphasia.,The patient was diagnosed with aephasia.,The patient was diagnosed with aphasia.,"Both transcripts are essentially the same; the dictionary version adds a stray ""e"" but the term is still recognizable in both, with negligible similarity difference.",HURTS,distil-whisper/distil-large-v2
apraxia,clinical,ah-PRAK-see-ah,WASH,0.0,The patient was diagnosed with apraxia.,The patient was diagnosed with apraxia.,The patient was diagnosed with apraxia.,"Both transcripts are identical and correctly render the term ""apraxia,"" so the dictionary made no difference.",HURTS,distil-whisper/distil-large-v2
agnosia,clinical,ag-NOH-zhah,HURTS,-0.019,The patient was diagnosed with agnosia.,The patient was diagnosed with agno-aecia.,The patient was diagnosed with agnosia.,"The without-dictionary transcript correctly produced ""agnosia,"" while the with-dictionary transcript mangled it into ""agno-aecia.""",HELPS,distil-whisper/distil-large-v2
anomia,clinical,ah-NOH-mee-ah,HURTS,-0.028,The patient was diagnosed with anomia.,The patient was diagnosed with Anno H. Mia.,The patient was diagnosed with anomia.,"The without-dictionary transcript correctly rendered ""anomia,"" while the with-dictionary transcript garbled it into ""Anno H. Mia.""",HURTS,distil-whisper/distil-large-v2
dysphagia,clinical,dis-FAY-jah,HURTS,-0.143,The patient was diagnosed with dysphagia.,The patient was diagnosed with disfa.,The patient was diagnosed with dysphagia.,"The without-dictionary transcript correctly captured ""dysphagia,"" while the with-dictionary transcript truncated it to ""disfa,"" making it worse.",WASH,distil-whisper/distil-large-v2
dysphonia,clinical,dis-FOH-nee-ah,HURTS,-0.242,The patient was diagnosed with dysphonia.,The patient was diagnosed with disfoh nea.,The patient was diagnosed with dysphonia.,"The without-dictionary transcript correctly rendered ""dysphonia,"" while the with-dictionary transcript garbled it into ""disfoh nea.""",WASH,distil-whisper/distil-large-v2
dyskinesia,clinical,dis-kih-NEE-zhah,HURTS,-0.038,The patient was diagnosed with dyskinesia.,The patient was diagnosed with dyskinegia.,The patient was diagnosed with dyskinesia.,"The without-dictionary transcript correctly rendered ""dyskinesia,"" while the with-dictionary transcript mangled it into ""dyskinegia.""",HURTS,distil-whisper/distil-large-v2
myoclonus,clinical,my-OK-loh-nus,HURTS,-0.034,The patient was diagnosed with myoclonis.,The patient was diagnosed with my OK Low Neuse.,The patient was diagnosed with myoclonus.,"The without-dictionary transcript ""myoclonis"" is a close and reasonable rendering of ""myoclonus,"" while the with-dictionary transcript ""my OK Low Neuse"" is completely garbled and fragmented.",WASH,distil-whisper/distil-large-v2
chorea,clinical,koh-REE-ah,WASH,-0.045,The patient was diagnosed with Choria.,The patient was diagnosed with Kouria.,The patient was diagnosed with chorea.,"Both transcripts mispronounce the term; ""Kouria"" is not closer to ""chorea"" than ""Choria"" in a meaningful way, and neither recovers the correct pronunciation.",WASH,distil-whisper/distil-large-v2
athetosis,clinical,ATH-eh-TOE-sis,HURTS,-0.02,The patient was diagnosed with athetosis.,The patient was diagnosed with athei-htosis.,The patient was diagnosed with athetosis.,"The ""without dictionary"" transcript correctly rendered ""athetosis,"" while the ""with dictionary"" transcript garbled it into ""athei-htosis.""",WASH,distil-whisper/distil-large-v2
dystonia,clinical,dis-TOE-nee-ah,WASH,0.0,The patient was diagnosed with dystonia.,The patient was diagnosed with dystonia.,The patient was diagnosed with dystonia.,"Both transcripts already correctly produced ""dystonia"" with no difference.",HURTS,distil-whisper/distil-large-v2
tremor,clinical,TREM-or,WASH,-0.045,The patient was diagnosed with tremor.,The patient was diagnosed with trim or,The patient was diagnosed with tremor.,"Both transcripts fail to clearly capture the target term correctly; the dictionary version actually mispronounces it as ""trim or,"" which is worse or at best no better.",WASH,distil-whisper/distil-large-v2
fasciculation,clinical,fa-SIK-yoo-LAY-shun,HURTS,-0.241,The patient was diagnosed with fissiculation.,The patient was diagnosed with Fossack U.L.A.,The patient was diagnosed with fasciculation.,"The without-dictionary transcript ""fissiculation"" is a reasonable phonetic rendering of ""fasciculation,"" while the with-dictionary transcript ""Fossack U.L.A."" is completely garbled and unrecognizable.",WASH,distil-whisper/distil-large-v2
clonus,clinical,KLOH-nus,HURTS,-0.109,The patient was diagnosed with Clonus.,The patient was diagnosed with Kealochness.,The patient was diagnosed with clonus.,"Without dictionary, ""Clonus"" was correctly transcribed; with dictionary, it became garbled ""Kealochness.""",WASH,distil-whisper/distil-large-v2
nystagmus,clinical,nis-TAG-mus,WASH,-0.012,The patient was diagnosed with nystagmas.,The patient was diagnosed with NizTag-Muss.,The patient was diagnosed with nystagmus.,"Both transcripts fail to recover the correct pronunciation of ""nystagmus"" — the without-dictionary version produces a plausible misspelling (""nystagmas"") while the with-dictionary version produces a clearly garbled phonetic rendering (""NizTag-Muss""), so neither is meaningfully better.",HURTS,distil-whisper/distil-large-v2
ptosis,clinical,TOE-sis,WASH,0.0,The patient was diagnosed with ptosis.,The patient was diagnosed with toesis.,The patient was diagnosed with ptosis.,"Both transcripts attempt the term but neither matches the target ""ptosis"" cleanly; the dictionary version ""toesis"" is not closer to the correct pronunciation than the original ""ptosis"" (which was already correct).",WASH,distil-whisper/distil-large-v2
miosis,clinical,my-OH-sis,HURTS,-0.049,The patient was diagnosed with meiosis.,The patient was diagnosed with my oasis.,The patient was diagnosed with miosis.,"The ""without dictionary"" transcript ""meiosis"" is a close and reasonable transcription of ""miosis,"" while the ""with dictionary"" transcript ""my oasis"" is completely garbled and worse.",WASH,distil-whisper/distil-large-v2
mydriasis,clinical,mi-DRY-ah-sis,WASH,0.034,The patient was diagnosed with mydreosis.,The patient was diagnosed with my dryasis.,The patient was diagnosed with mydriasis.,"Both transcripts miss the target term ""mydriasis"" — the without-dictionary version produces ""mydreosis"" and the with-dictionary version produces ""my dryasis,"" neither of which is correct, so the dictionary provides no meaningful improvement.",WASH,distil-whisper/distil-large-v2
anisocoria,clinical,an-EYE-so-KOR-ee-ah,HURTS,-0.109,The patient was diagnosed with anisocoria.,"The patient was diagnosed with an EYE, Sokoriah.",The patient was diagnosed with anisocoria.,"The without-dictionary transcript correctly rendered ""anisocoria,"" while the with-dictionary transcript garbled it into ""an EYE, Sokoriah.""",HURTS,distil-whisper/distil-large-v2
hyperreflexia,clinical,HY-per-re-FLEK-see-ah,HURTS,-0.082,The patient was diagnosed with hyperreflexia.,The patient was diagnosed with H.Y. periflexia.,The patient was diagnosed with hyperreflexia.,"The without-dictionary transcript correctly rendered ""hyperreflexia,"" while the with-dictionary transcript garbled it into ""H.Y. periflexia.""",WASH,distil-whisper/distil-large-v2
hyporeflexia,clinical,HY-po-re-FLEK-see-ah,WASH,-0.026,The patient was diagnosed with hypoorflexia.,The patient was diagnosed with Hypoiree fleccia.,The patient was diagnosed with hyporeflexia.,"Both transcripts fail to clearly produce ""hyporeflexia"" — the without-dictionary version is closer (""hypoorflexia"") while the with-dictionary version is more garbled (""Hypoiree fleccia""), so the dictionary did not help.",HURTS,distil-whisper/distil-large-v2
Babinski,clinical,ba-BIN-skee,HELPS,0.042,The patient was diagnosed with Bibinski.,The patient was diagnosed with Babinski.,The patient was diagnosed with Babinski.,"The ""with dictionary"" transcript correctly recovers ""Babinski"" while the ""without dictionary"" transcript mispronounced it as ""Bibinski.""",WASH,distil-whisper/distil-large-v2
paresthesia,clinical,par-es-THEE-zhah,WASH,0.0,The patient was diagnosed with parasthesia.,The patient was diagnosed with paristhesia.,The patient was diagnosed with paresthesia.,"Both transcripts misspell the term (parasthesia vs paristhesia), and neither recovers the correct ""paresthesia"" pronunciation.",HURTS,distil-whisper/distil-large-v2
anesthesia,clinical,an-es-THEE-zhah,WASH,0.0,The patient was diagnosed with anesthesia.,The patient was diagnosed with anesthesia.,The patient was diagnosed with anesthesia.,"Both transcripts are identical and correctly render the term ""anesthesia,"" so the dictionary made no difference.",HURTS,distil-whisper/distil-large-v2
hyperesthesia,clinical,HY-per-es-THEE-zhah,WASH,-0.034,The patient was diagnosed with hyperesthesia.,The patient was diagnosed with HY-Persthesia.,The patient was diagnosed with hyperesthesia.,"Both transcripts attempt the term but neither clearly recovers the full correct pronunciation ""hyperesthesia""; the dictionary version fragments it as ""HY-persthesia"" which is arguably worse, but the without-dictionary version also doesn't clearly nail it.",HURTS,distil-whisper/distil-large-v2
dysesthesia,clinical,dis-es-THEE-zhah,WASH,-0.074,The patient was diagnosed with dysesthesia.,The patient was diagnosed with dysethiasia.,The patient was diagnosed with dysesthesia.,"Both transcripts are mispronunciations of ""dysesthesia""; the dictionary version (""dysethiasia"") is not closer to the target than the original (""dysesthesia""), and neither recovers the correct term.",HURTS,distil-whisper/distil-large-v2
neuralgia,clinical,nyoo-RAL-jah,HURTS,-0.12,The patient was diagnosed with neuralgia.,The patient was diagnosed with new ralja.,The patient was diagnosed with neuralgia.,"The without-dictionary transcript correctly rendered ""neuralgia,"" while the with-dictionary transcript garbled it into ""new ralja.""",WASH,distil-whisper/distil-large-v2
neuritis,clinical,nyoo-RY-tis,WASH,0.0,The patient was diagnosed with neuritis.,The patient was diagnosed with neuritis.,The patient was diagnosed with neuritis.,"Both transcripts already correctly produced ""neuritis"" with no difference.",HURTS,distil-whisper/distil-large-v2
sciatica,clinical,sy-AT-ik-ah,HURTS,-0.176,The patient was diagnosed with sciatica.,The patient was diagnosed with Psi Atiakah.,The patient was diagnosed with sciatica.,"Without the dictionary, ""sciatica"" was correctly transcribed; with the dictionary, it was garbled into ""Psi Atiakah.""",WASH,distil-whisper/distil-large-v2
trigeminal,clinical,try-JEM-in-al,WASH,-0.038,The patient was diagnosed with tri-geminal.,The patient was diagnosed with tri-geminol.,The patient was diagnosed with trigeminal.,"Both transcripts mispronounce the target term (tri-geminal vs tri-geminol), and neither recovers the correct ""trigeminal"" pronunciation.",HURTS,distil-whisper/distil-large-v2
prosopagnosia,clinical,PROS-oh-pag-NOH-zhah,HURTS,-0.153,The patient was diagnosed with prosopagnosia.,The patient was diagnosed with Pras-Opag-Noécha.,The patient was diagnosed with prosopagnosia.,"Without dictionary, the term was correctly rendered as ""prosopagnosia""; with dictionary, it became garbled as ""Pras-Opag-Noécha.""",HURTS,distil-whisper/distil-large-v2
hyperthyroidism,clinical,HY-per-THY-roy-dizm,HURTS,-0.111,The patient was diagnosed with hyperthyroidism.,The patient was diagnosed with HY peroidism.,The patient was diagnosed with hyperthyroidism.,"The without-dictionary transcript correctly rendered ""hyperthyroidism,"" while the with-dictionary transcript garbled it into ""HY peroidism.""",HURTS,distil-whisper/distil-large-v2
hypothyroidism,clinical,HY-po-THY-roy-dizm,HURTS,-0.139,The patient was diagnosed with hypothyroidism.,The patient was diagnosed with H.Y. Ptyroidism.,The patient was diagnosed with hypothyroidism.,"The without-dictionary transcript correctly rendered ""hypothyroidism,"" while the with-dictionary transcript garbled it into ""H.Y. Ptyroidism.""",WASH,distil-whisper/distil-large-v2
thyrotoxicosis,clinical,THY-ro-TOK-sih-KOH-sis,HURTS,-0.084,The patient was diagnosed with thyrotoxicosis.,The patient was diagnosed with thyhyrotoxic-K-O-H-cis.,The patient was diagnosed with thyrotoxicosis.,"The without-dictionary transcript correctly rendered ""thyrotoxicosis,"" while the with-dictionary transcript became garbled and fragmented into ""thyhyrotoxic-K-O-H-cis.""",HURTS,distil-whisper/distil-large-v2
myxedema,clinical,mik-seh-DEE-mah,WASH,0.0,The patient was diagnosed with Mike's edema.,The patient was diagnosed with Mike Shedema.,The patient was diagnosed with myxedema.,"Both transcripts fail to recover the correct term ""myxedema""; the dictionary version (""Mike Shedema"") is not closer to the target than the baseline (""Mike's edema"").",WASH,distil-whisper/distil-large-v2
hyperparathyroidism,clinical,HY-per-PAR-ah-THY-roy-dizm,HURTS,-0.083,The patient was diagnosed with hyperparathyroidism.,The patient was diagnosed with HY per par a flyroidism.,The patient was diagnosed with hyperparathyroidism.,"The without-dictionary transcript correctly produced ""hyperparathyroidism,"" while the with-dictionary transcript garbled it into ""HY per par a flyroidism.""",WASH,distil-whisper/distil-large-v2
hypoparathyroidism,clinical,HY-po-PAR-ah-THY-roy-dizm,WASH,0.029,The patient was diagnosed with hypoparythroidism.,The patient was diagnosed with Hypopar a thyrroidism.,The patient was diagnosed with hypoparathyroidism.,"Both transcripts are garbled and neither clearly recovers the correct term ""hypoparathyroidism""; the dictionary version is fragmented but not meaningfully better.",HURTS,distil-whisper/distil-large-v2
hypercalcemia,clinical,HY-per-kal-SEE-mee-ah,HURTS,-0.008,The patient was diagnosed with hypercalcemia.,The patient was diagnosed with HY percalcemia.,The patient was diagnosed with hypercalcemia.,"The without-dictionary transcript correctly rendered ""hypercalcemia,"" while the with-dictionary transcript fragmented it into ""HY percalcemia.""",HURTS,distil-whisper/distil-large-v2
hypocalcemia,clinical,HY-po-kal-SEE-mee-ah,HURTS,-0.086,The patient was diagnosed with hippocalcemia.,The patient was diagnosed with H.Y. Pekal Semia.,The patient was diagnosed with hypocalcemia.,"Without dictionary, the listener heard ""hippocalcemia"" which is very close to ""hypocalcemia""; with dictionary, the output became a garbled acronym-like fragment ""H.Y. Pekal Semia,"" which is worse.",WASH,distil-whisper/distil-large-v2
hyperkalemia,clinical,hy-per-kah-LEE-mee-ah,WASH,0.0,The patient was diagnosed with hypercalemia.,The patient was diagnosed with hypercalemia.,The patient was diagnosed with hyperkalemia.,"Both transcripts produced the same mispronunciation ""hypercalemia,"" so the dictionary entry had no effect.",WASH,distil-whisper/distil-large-v2
hypokalemia,clinical,hy-poh-kah-LEE-mee-ah,WASH,0.0,The patient was diagnosed with hypocalemia.,The patient was diagnosed with hypocalemia.,The patient was diagnosed with hypokalemia.,"Both transcripts produced the same incorrect ""hypocalemia"" with no change from the dictionary.",HURTS,distil-whisper/distil-large-v2
hypernatremia,clinical,hy-per-nah-TREE-mee-ah,WASH,0.0,The patient was diagnosed with hypernatremia.,The patient was diagnosed with hypernatremia.,The patient was diagnosed with hypernatremia.,"Both transcripts are identical and correctly render ""hypernatremia,"" so the dictionary entry produced no change.",HURTS,distil-whisper/distil-large-v2
hyponatremia,clinical,hy-poh-nah-TREE-mee-ah,WASH,0.0,The patient was diagnosed with hyponatremia.,The patient was diagnosed with hyponatremia.,The patient was diagnosed with hyponatremia.,"Both transcripts already contain the correct term ""hyponatremia"" identically, so the dictionary entry produced no change.",HELPS,distil-whisper/distil-large-v2
hypomagnesemia,clinical,hy-poh-mag-neh-SEE-mee-ah,HURTS,-0.067,The patient was diagnosed with hypomagnesemia.,The patient was diagnosed with hypomagnacemia.,The patient was diagnosed with hypomagnesemia.,"The ""without dictionary"" transcript correctly rendered ""hypomagnesemia,"" while the ""with dictionary"" transcript produced the misspelled ""hypomagnacemia,"" making it worse.",HURTS,distil-whisper/distil-large-v2
hypermagnesemia,clinical,hy-per-mag-neh-SEE-mee-ah,WASH,-0.007,The patient was diagnosed with hypermagnosemia.,The patient was diagnosed with hypermagnaseemia.,The patient was diagnosed with hypermagnesemia.,"Both transcripts mispronounce the target term (hypermagnosemia and hypermagnaseemia), and neither is closer to the correct ""hypermagnesemia.""",HURTS,distil-whisper/distil-large-v2
hypophosphatemia,clinical,hy-poh-fos-fah-TEE-mee-ah,HURTS,-0.062,The patient was diagnosed with hypophosphatemia.,The patient was diagnosed with hypophos fatemia.,The patient was diagnosed with hypophosphatemia.,"The without-dictionary transcript correctly rendered ""hypophosphatemia,"" while the with-dictionary transcript garbled it into ""hypophos fatemia.""",HURTS,distil-whisper/distil-large-v2
hyperphosphatemia,clinical,hy-per-fos-fah-TEE-mee-ah,WASH,-0.03,The patient was diagnosed with hyperphosphatemia.,The patient was diagnosed with hyperphosphetemia.,The patient was diagnosed with hyperphosphatemia.,"Both transcripts are close attempts at the target term; the dictionary version (""hyperphosphetemia"") is slightly less accurate than the without-dictionary version (""hyperphosphatemia""), but neither is clearly better or worse in a meaningful way.",HURTS,distil-whisper/distil-large-v2
acidosis,clinical,ah-sih-DOH-sis,HURTS,-0.152,The patient was diagnosed with acidosis.,The patient was diagnosed with Asych-doach-sis.,The patient was diagnosed with acidosis.,"The without-dictionary transcript correctly rendered ""acidosis,"" while the with-dictionary transcript garbled it into ""Asych-doach-sis.""",HURTS,distil-whisper/distil-large-v2
alkalosis,clinical,al-kah-LOH-sis,HURTS,-0.069,The patient was diagnosed with alkalosis.,The patient was diagnosed with Alka loach cis.,The patient was diagnosed with alkalosis.,"The without-dictionary transcript correctly rendered ""alkalosis,"" while the with-dictionary transcript garbled it into ""Alka loach cis.""",WASH,distil-whisper/distil-large-v2
ketoacidosis,clinical,kee-toh-ah-sih-DOH-sis,HURTS,-0.022,The patient was diagnosed with ketoacidosis.,The patient was diagnosed with ketoacidoacisis.,The patient was diagnosed with ketoacidosis.,"The without-dictionary transcript correctly rendered ""ketoacidosis,"" while the with-dictionary transcript garbled it into ""ketoacidoacisis.""",WASH,distil-whisper/distil-large-v2
hypoglycemia,clinical,hy-poh-gly-SEE-mee-ah,WASH,0.0,The patient was diagnosed with hypoglycemia.,The patient was diagnosed with hypoglycemia.,The patient was diagnosed with hypoglycemia.,"Both transcripts are identical and correctly render the term ""hypoglycemia.""",HURTS,distil-whisper/distil-large-v2
hyperglycemia,clinical,hy-per-gly-SEE-mee-ah,WASH,0.0,The patient was diagnosed with hyperglycemia.,The patient was diagnosed with hyperglycemia.,The patient was diagnosed with hyperglycemia.,"Both transcripts are identical and correctly render ""hyperglycemia,"" so the dictionary entry produced no change.",HURTS,distil-whisper/distil-large-v2
insulinoma,clinical,in-suh-lih-NOH-mah,HURTS,-0.036,The patient was diagnosed with insulanoma.,The patient was diagnosed with Insulae no-h-mah.,The patient was diagnosed with insulinoma.,"The without-dictionary transcript ""insulanoma"" is a much closer match to ""insulinoma"" than the with-dictionary transcript ""Insulae no-h-mah,"" which is completely garbled.",WASH,distil-whisper/distil-large-v2
pheochromocytoma,clinical,fee-oh-kroh-moh-sy-TOH-mah,HURTS,-0.113,The patient was diagnosed with fiocromocytoma.,The patient was diagnosed with fiocromosituaeuma.,The patient was diagnosed with pheochromocytoma.,"The ""without dictionary"" transcript was closer to the target (fiocromocytoma) than the ""with dictionary"" transcript (fiocromosituaeuma), which became more garbled.",WASH,distil-whisper/distil-large-v2
anemia,clinical,ah-NEE-mee-ah,WASH,0.0,The patient was diagnosed with anemia.,The patient was diagnosed with anemia.,The patient was diagnosed with anemia.,"Both transcripts already correctly produced ""anemia,"" so the dictionary entry had no effect.",HURTS,distil-whisper/distil-large-v2
polycythemia,clinical,pol-ee-sy-THEE-mee-ah,WASH,-0.029,The patient was diagnosed with polycythemia.,The patient was diagnosed with polycytemia.,The patient was diagnosed with polycythemia.,"Both transcripts are very close to the target; the dictionary version drops an ""h"" but the difference is negligible and neither is clearly better.",HURTS,distil-whisper/distil-large-v2
thrombocytopenia,clinical,throm-boh-sy-toh-PEE-nee-ah,HURTS,-0.094,The patient was diagnosed with thrombocytopenia.,The patient was diagnosed with thrombocytopinae.,The patient was diagnosed with thrombocytopenia.,"The without-dictionary transcript correctly rendered ""thrombocytopenia,"" while the with-dictionary transcript mangled it to ""thrombocytopinae.""",WASH,distil-whisper/distil-large-v2
thrombocytosis,clinical,throm-boh-sy-TOH-sis,HURTS,-0.117,The patient was diagnosed with thrombocytosis.,The patient was diagnosed with thrombocy-2-H-cis.,The patient was diagnosed with thrombocytosis.,"The without-dictionary transcript correctly rendered ""thrombocytosis,"" while the with-dictionary transcript garbled it into ""thrombocy-2-H-cis.""",WASH,distil-whisper/distil-large-v2
leukopenia,clinical,loo-koh-PEE-nee-ah,WASH,0.0,The patient was diagnosed with leukopenia.,The patient was diagnosed with leukopenia.,The patient was diagnosed with leukopenia.,"Both transcripts already produced the correct term ""leukopenia"" without the dictionary, so the dictionary entry provided no additional benefit.",HELPS,distil-whisper/distil-large-v2
leukocytosis,clinical,loo-koh-sy-TOH-sis,HURTS,-0.123,The patient was diagnosed with leukocytosis.,The patient was diagnosed with leukocy-2-H-cis.,The patient was diagnosed with leukocytosis.,"The without-dictionary transcript correctly rendered ""leukocytosis,"" while the with-dictionary transcript garbled it into ""leukocy-2-H-cis.""",HURTS,distil-whisper/distil-large-v2
neutropenia,clinical,noo-troh-PEE-nee-ah,WASH,0.0,The patient was diagnosed with neutropenia.,The patient was diagnosed with neutropenia.,The patient was diagnosed with neutropenia.,"Both transcripts already correctly produced ""neutropenia"" with no difference.",HURTS,distil-whisper/distil-large-v2
neutrophilia,clinical,noo-troh-FIL-ee-ah,WASH,0.0,The patient was diagnosed with neutrophilia.,The patient was diagnosed with neutrophilia.,The patient was diagnosed with neutrophilia.,"Both transcripts already correctly produced ""neutrophilia"" with no difference.",WASH,distil-whisper/distil-large-v2
lymphopenia,clinical,lim-foh-PEE-nee-ah,WASH,0.0,The patient was diagnosed with lymphopenia.,The patient was diagnosed with lymphopenia.,The patient was diagnosed with lymphopenia.,"Both transcripts already correctly rendered ""lymphopenia"" identically, so the dictionary entry produced no change.",HURTS,distil-whisper/distil-large-v2
lymphocytosis,clinical,lim-foh-sy-TOH-sis,HURTS,-0.073,The patient was diagnosed with lymphocytosis.,"The patient was diagnosed with lymphocyto age, Cis.",The patient was diagnosed with lymphocytosis.,"The without-dictionary transcript correctly rendered ""lymphocytosis,"" while the with-dictionary transcript garbled it into ""lymphocyto age, Cis.""",WASH,distil-whisper/distil-large-v2
monocytosis,clinical,mon-oh-sy-TOH-sis,HURTS,-0.057,The patient was diagnosed with monocytosis.,The patient was diagnosed with monocyto-h cis.,The patient was diagnosed with monocytosis.,"The without-dictionary transcript correctly rendered ""monocytosis,"" while the with-dictionary transcript garbled it into ""monocyto-h cis.""",WASH,distil-whisper/distil-large-v2
eosinophilia,clinical,ee-oh-sin-oh-FIL-ee-ah,WASH,0.0,The patient was diagnosed with eocinophilia.,The patient was diagnosed with Eocinophilia.,The patient was diagnosed with eosinophilia.,"Both transcripts have the same misspelling ""eocinophilia"" with only a capitalization difference, so the dictionary provided no meaningful improvement.",HURTS,distil-whisper/distil-large-v2
basophilia,clinical,bay-soh-FIL-ee-ah,WASH,0.0,The patient was diagnosed with basophilia.,The patient was diagnosed with basophilia.,The patient was diagnosed with basophilia.,Both transcripts are identical and correctly render the term.,WASH,distil-whisper/distil-large-v2
pancytopenia,clinical,pan-sy-toh-PEE-nee-ah,HELPS,0.071,The patient was diagnosed with pancetopinia.,The patient was diagnosed with pancytopenia.,The patient was diagnosed with pancytopenia.,"The without-dictionary transcript garbled the term as ""pancetopinia,"" while the with-dictionary transcript correctly produced ""pancytopenia.""",WASH,distil-whisper/distil-large-v2
hemophilia,clinical,hee-moh-FIL-ee-ah,WASH,0.0,The patient was diagnosed with hemophilia.,The patient was diagnosed with hemophilia.,The patient was diagnosed with hemophilia.,"Both transcripts already correctly produced ""hemophilia"" with no difference.",HURTS,distil-whisper/distil-large-v2
thrombophilia,clinical,throm-bo-FIL-ee-ah,WASH,0.0,The patient was diagnosed with thrombophilia.,The patient was diagnosed with thrombophilia.,The patient was diagnosed with thrombophilia.,"Both transcripts already correctly produced ""thrombophilia"" without the dictionary, so the dictionary provided no additional benefit.",HELPS,distil-whisper/distil-large-v2
purpura,clinical,PUR-pur-ah,WASH,-0.049,The patient was diagnosed with purpura.,The patient was diagnosed with PR Purah.,The patient was diagnosed with purpura.,"Both transcripts fail to clearly render ""purpura"" correctly; the dictionary version produces a garbled ""PR Purah"" which is not an improvement.",HURTS,distil-whisper/distil-large-v2
petechiae,clinical,pe-TEE-kee-eye,WASH,0.047,The patient was diagnosed with Petitia.,The patient was diagnosed with PT-K-I.,The patient was diagnosed with petechiae.,"Both transcripts fail to recover the target term ""petechiae"" — the without-dictionary version produces a plausible-sounding mishearing (""Petitia""), while the with-dictionary version is garbled into letter-spelling (""PT-K-I""), so neither is meaningfully better.",WASH,distil-whisper/distil-large-v2
ecchymosis,clinical,ek-ih-MOH-sis,WASH,-0.05,The patient was diagnosed with echimosis.,The patient was diagnosed with Eka moh-sis.,The patient was diagnosed with ecchymosis.,"Both transcripts fail to recover the correct pronunciation ""ecchymosis""; the dictionary version (""Eka moh-sis"") is arguably worse than the closer ""echimosis"" attempt.",HURTS,distil-whisper/distil-large-v2
hematoma,clinical,hee-mah-TOH-mah,WASH,-0.013,The patient was diagnosed with hematoma.,The patient was diagnosed with hema tohma.,The patient was diagnosed with hematoma.,"Both transcripts fail to clearly produce the target term ""hematoma"" correctly; the without-dictionary version is slightly more accurate, but neither is a clear win.",HURTS,distil-whisper/distil-large-v2
hemolysis,clinical,hee-MOL-ih-sis,WASH,0.0,The patient was diagnosed with hemolysis.,The patient was diagnosed with hemolysis.,The patient was diagnosed with hemolysis.,"Both transcripts are identical and correctly render ""hemolysis,"" so the dictionary made no difference.",WASH,distil-whisper/distil-large-v2
cellulitis,clinical,sel-yoo-LY-tis,WASH,0.0,The patient was diagnosed with cellulitis.,The patient was diagnosed with cellulitis.,The patient was diagnosed with cellulitis.,"Both transcripts already correctly produced ""cellulitis"" with no difference.",HURTS,distil-whisper/distil-large-v2
abscess,clinical,AB-ses,HURTS,-0.138,The patient was diagnosed with abscess.,The patient was diagnosed with A.B. says.,The patient was diagnosed with abscess.,"The without-dictionary transcript correctly rendered ""abscess,"" while the with-dictionary transcript garbled it into ""A.B. says.""",WASH,distil-whisper/distil-large-v2
furuncle,clinical,FYOOR-ung-kul,WASH,0.022,The patient was diagnosed with ferrucul.,The patient was diagnosed with FY or uncull.,The patient was diagnosed with furuncle.,"Both transcripts fail to clearly produce ""furuncle""; the dictionary version (""FY or uncull"") is arguably worse and more fragmented than the non-dictionary version (""ferrucul"").",HELPS,distil-whisper/distil-large-v2
carbuncle,clinical,KAR-bung-kul,HURTS,-0.138,The patient was diagnosed with carbuncle.,The patient was diagnosed with K-A-R Bunkall.,The patient was diagnosed with carbuncle.,"The without-dictionary transcript already produced the correct term ""carbuncle,"" while the with-dictionary transcript garbled it into ""K-A-R Bunkall.""",HELPS,distil-whisper/distil-large-v2
impetigo,clinical,im-peh-TY-goh,HURTS,-0.148,The patient was diagnosed with impetigo.,The patient was diagnosed with M-Pay-Pai-Pago.,The patient was diagnosed with impetigo.,"The without-dictionary transcript correctly rendered ""impetigo,"" while the with-dictionary transcript garbled it into ""M-Pay-Pai-Pago.""",HURTS,distil-whisper/distil-large-v2
erysipelas,clinical,er-ih-SIP-eh-las,WASH,0.007,The patient was diagnosed with erysipolas.,The patient was diagnosed with erysiplas.,The patient was diagnosed with erysipelas.,"Both transcripts mispronounce the term similarly (""erysipolas"" vs ""erysiplas""), with negligible similarity gain; the dictionary did not meaningfully improve pronunciation.",HURTS,distil-whisper/distil-large-v2
necrotizing fasciitis,clinical,NEK-roh-ty-zing fash-ee-EYE-tis,HURTS,-0.168,The patient was diagnosed with necrotizing fasciitis.,The patient was diagnosed with N.E.K. Rhodizing Fash I-Ewetesis.,The patient was diagnosed with necrotizing fasciitis.,"The without-dictionary transcript already rendered the term correctly as ""necrotizing fasciitis,"" while the with-dictionary transcript mangled it into nonsense letter-spellings like ""N.E.K. Rhodizing Fash I-Ewetesis.""",WASH,distil-whisper/distil-large-v2
osteomyelitis,clinical,os-tee-oh-my-eh-LY-tis,HURTS,-0.041,The patient was diagnosed with osteomyelitis.,The patient was diagnosed with Oz T.omyelitis.,The patient was diagnosed with osteomyelitis.,"The without-dictionary transcript correctly rendered ""osteomyelitis,"" while the with-dictionary transcript garbled it into ""Oz T.omyelitis.""",HURTS,distil-whisper/distil-large-v2
septic arthritis,clinical,SEP-tik ar-THRY-tis,WASH,-0.015,The patient was diagnosed with septic arthritis.,The patient was diagnosed with SCP-Tic Arthoritis.,The patient was diagnosed with septic arthritis.,"Both attempts fail to clearly produce ""septic arthritis"" — the without-dictionary version is correct, while the with-dictionary version is garbled (""SCP-Tic Arthoritis""), but the similarity gain is essentially neutral.",WASH,distil-whisper/distil-large-v2
sepsis,clinical,SEP-sis,WASH,0.0,The patient was diagnosed with sepsis.,The patient was diagnosed with SEPSIS.,The patient was diagnosed with sepsis.,"Both transcripts contain the correct term ""sepsis""; the only difference is capitalization, which doesn't affect pronunciation recovery.",WASH,distil-whisper/distil-large-v2
septicemia,clinical,sep-tih-SEE-mee-ah,WASH,-0.038,The patient was diagnosed with septicemia.,The patient was diagnosed with septacemia.,The patient was diagnosed with septicemia.,"Both transcripts are close to the target; the dictionary version ""septacemia"" is slightly less accurate than ""septicemia"" but the difference is minimal and neither is clearly better.",HURTS,distil-whisper/distil-large-v2
bacteremia,clinical,bak-ter-EE-mee-ah,WASH,-0.007,The patient was diagnosed with bacteriemia.,The patient was diagnosed with bacter-eemia.,The patient was diagnosed with bacteremia.,"Both transcripts fail to clearly produce ""bacteremia"" — the without version adds an extra ""i"" and the with version fragments oddly; neither is a clear recovery.",WASH,distil-whisper/distil-large-v2
viremia,clinical,vy-REE-mee-ah,WASH,0.0,The patient was diagnosed with viremia.,The patient was diagnosed with viremia.,The patient was diagnosed with viremia.,"Both transcripts already correctly produced ""viremia"" with no change.",HURTS,distil-whisper/distil-large-v2
fungemia,clinical,fun-JEE-mee-ah,HURTS,-0.088,The patient was diagnosed with fungemia.,The patient was diagnosed with funjaymia.,The patient was diagnosed with fungemia.,"The without-dictionary transcript correctly produced ""fungemia,"" while the with-dictionary transcript garbled it into ""funjaymia.""",HURTS,distil-whisper/distil-large-v2
parasitemia,clinical,par-ah-sih-TEE-mee-ah,WASH,-0.074,The patient was diagnosed with parasitemia.,The patient was diagnosed with paracetemia.,The patient was diagnosed with parasitemia.,"Both transcripts are slightly off from the target ""parasitemia,"" but neither clearly recovers the correct term; the dictionary version (""paracetemia"") is arguably worse than the original.",HURTS,distil-whisper/distil-large-v2
endotoxemia,clinical,en-doh-tok-SEE-mee-ah,HURTS,-0.057,The patient was diagnosed with endotoxemia.,The patient was diagnosed with endotoc ecemia.,The patient was diagnosed with endotoxemia.,"Without dictionary the term was correctly rendered as ""endotoxemia,"" while with dictionary it became garbled ""endotoc ecemia.""",WASH,distil-whisper/distil-large-v2
erythema,clinical,er-ih-THEE-mah,WASH,0.0,The patient was diagnosed with erythema.,The patient was diagnosed with erythema.,The patient was diagnosed with erythema.,"Both transcripts are identical and correctly render ""erythema,"" so the dictionary made no difference.",HURTS,distil-whisper/distil-large-v2
urticaria,clinical,ur-tih-KAR-ee-ah,HURTS,-0.091,The patient was diagnosed with urticaria.,The patient was diagnosed with Urta K-Aria.,The patient was diagnosed with urticaria.,"Without dictionary, ""urticaria"" was correctly transcribed; with dictionary, it was garbled into ""Urta K-Aria.""",HURTS,distil-whisper/distil-large-v2
pruritus,clinical,proo-RY-tus,HELPS,0.079,The patient was diagnosed with Pyrrhus.,The patient was diagnosed with pruritis.,The patient was diagnosed with pruritus.,"The without-dictionary transcript misheard ""pruritus"" as ""Pyrrhus,"" while the with-dictionary transcript recovered the correct term as ""pruritis"" (a minor spelling variant of the target).",HELPS,distil-whisper/distil-large-v2
eczema,clinical,EK-zeh-mah,WASH,-0.091,The patient was diagnosed with eczema.,The patient was diagnosed with EKZama.,The patient was diagnosed with eczema.,"Both transcripts convey the term reasonably; ""EKZama"" is a phonetic respelling that doesn't clearly improve on ""eczema"" and the similarity score is slightly negative.",WASH,distil-whisper/distil-large-v2
psoriasis,clinical,soh-RY-ah-sis,WASH,0.0,The patient was diagnosed with psoriasis.,The patient was diagnosed with psoriasis.,The patient was diagnosed with psoriasis.,"Both transcripts already correctly produced ""psoriasis"" with no difference.",HURTS,distil-whisper/distil-large-v2
lichenification,clinical,ly-ken-ih-fih-KAY-shun,HURTS,-0.281,The patient was diagnosed with lichenification.,The patient was diagnosed with Ly-Kenna Faye Khaishan.,The patient was diagnosed with lichenification.,"The without-dictionary transcript already correctly rendered ""lichenification,"" while the with-dictionary transcript produced a garbled, fragmented mispronunciation.",HURTS,distil-whisper/distil-large-v2
excoriation,clinical,eks-kor-ee-AY-shun,HURTS,-0.17,The patient was diagnosed with excoriation.,The patient was diagnosed with X-Corry-A-I-Shun.,The patient was diagnosed with excoriation.,"The without-dictionary transcript correctly rendered ""excoriation,"" while the with-dictionary transcript produced a garbled letter-spelling ""X-Corry-A-I-Shun.""",HURTS,distil-whisper/distil-large-v2
vesicle,clinical,VES-ih-kul,HURTS,-0.138,The patient was diagnosed with vesicle.,The patient was diagnosed with V.S. call.,The patient was diagnosed with vesicle.,"The without-dictionary transcript already correctly rendered ""vesicle,"" while the with-dictionary transcript mangled it into ""V.S. call.""",WASH,distil-whisper/distil-large-v2
bulla,clinical,BULL-ah,WASH,-0.013,The patient was diagnosed with Bula.,The patient was diagnosed with ball-ah.,The patient was diagnosed with bulla.,"Both transcripts fail to clearly produce ""bulla"" — ""Bula"" is a reasonable spelling of the target pronunciation, while ""ball-ah"" is a fragmented/incorrect rendering; neither clearly recovers the term better than the other.",HELPS,distil-whisper/distil-large-v2
pustule,clinical,PUS-chool,HURTS,-0.069,The patient was diagnosed with pustule.,The patient was diagnosed with P.U.S. Chule.,The patient was diagnosed with pustule.,"The without-dictionary transcript already correctly rendered ""pustule,"" while the with-dictionary transcript garbled it into ""P.U.S. Chule.""",WASH,distil-whisper/distil-large-v2
macule,clinical,MAK-yool,WASH,-0.06,The patient was diagnosed with Macule.,The patient was diagnosed with M.A. Kule.,The patient was diagnosed with macule.,"Both transcripts fail to clearly render ""macule"" correctly; the dictionary version (""M.A. Kule"") is arguably worse due to the awkward letter-by-letter spelling, while the without-dictionary version at least produced ""Macule"" which is closer to the target.",WASH,distil-whisper/distil-large-v2
papule,clinical,PAP-yool,WASH,0.0,The patient was diagnosed with Papule.,The patient was diagnosed with papule.,The patient was diagnosed with papule.,"Both transcripts contain the correct term ""papule""; the only difference is capitalization, which is not a pronunciation issue.",HELPS,distil-whisper/distil-large-v2
nodule,clinical,NOD-yool,WASH,-0.051,The patient was diagnosed with nodule.,The patient was diagnosed with NOD Uel.,The patient was diagnosed with nodule.,"Both transcripts fail to clearly render ""nodule"" correctly; the dictionary version actually fragments it into ""NOD Uel"" which is worse, but neither is a clear recovery.",WASH,distil-whisper/distil-large-v2
plaque,clinical,PLAK,WASH,-0.045,The patient was diagnosed with plaque.,The patient was diagnosed with plague.,The patient was diagnosed with plaque.,"Both transcripts are essentially equivalent in clarity; the dictionary changed ""plaque"" to ""plague"" which is a different word, not an improvement toward the target.",WASH,distil-whisper/distil-large-v2
scale,clinical,SKAYL,WASH,-0.048,The patient was diagnosed with scale.,The patient was diagnosed with SCAEL.,The patient was diagnosed with scale.,"Both transcripts fail to render ""scale"" correctly; the dictionary version produced ""SCAEL"" which is worse, but neither recovered the target term.",WASH,distil-whisper/distil-large-v2
crust,clinical,KRUST,WASH,0.0,The patient was diagnosed with crust.,The patient was diagnosed with crust.,The patient was diagnosed with crust.,"Both transcripts are identical and correctly contain the target term ""crust.""",WASH,distil-whisper/distil-large-v2
erosion,clinical,ee-ROH-zhun,HURTS,-0.069,The patient was diagnosed with erosion.,The patient was diagnosed with E.R. O. Chun.,The patient was diagnosed with erosion.,"The without-dictionary transcript already produced the correct term ""erosion,"" while the with-dictionary transcript garbled it into ""E.R. O. Chun.""",WASH,distil-whisper/distil-large-v2
ulcer,clinical,UL-ser,WASH,-0.143,The patient was diagnosed with ulcer.,The patient was diagnosed with U.L.S.,The patient was diagnosed with ulcer.,"Both transcripts fail to clearly render ""ulcer"" naturally; the dictionary version produces a fragmented ""U.L.S."" which is worse, but neither is a clear recovery of the target term.",WASH,distil-whisper/distil-large-v2
fissure,clinical,FISH-ur,HURTS,-0.127,The patient was diagnosed with fissure.,The patient was diagnosed with Fisher.,The patient was diagnosed with fissure.,"The ""without dictionary"" transcript correctly captured ""fissure,"" while the ""with dictionary"" transcript mispronounced it as ""Fisher.""",HELPS,distil-whisper/distil-large-v2
atrophy,clinical,AT-roh-fee,HURTS,-0.138,The patient was diagnosed with atrophy.,The patient was diagnosed with AT-RO-Fee.,The patient was diagnosed with atrophy.,"The without-dictionary transcript correctly produced ""atrophy,"" while the with-dictionary transcript mangled it into ""AT-RO-Fee.""",WASH,distil-whisper/distil-large-v2
sclerosis,clinical,skleh-ROH-sis,HURTS,-0.101,The patient was diagnosed with sclerosis.,The patient was diagnosed with Sclai-ROH-Cis.,The patient was diagnosed with sclerosis.,"The without-dictionary transcript already correctly rendered ""sclerosis,"" while the with-dictionary version produced a garbled, fragmented pronunciation (""Sclai-ROH-Cis"").",HURTS,distil-whisper/distil-large-v2
appendectomy,clinical,ap-en-DEK-toh-mee,WASH,-0.071,The patient was diagnosed with appendectomy.,The patient was diagnosed with apondiectomy.,The patient was diagnosed with appendectomy.,"Both transcripts are wrong; the dictionary version ""apondiectomy"" is no closer to ""appendectomy"" than the without-dictionary version, and neither recovers the correct term.",WASH,distil-whisper/distil-large-v2
cholecystectomy,clinical,koh-leh-sis-TEK-toh-mee,WASH,0.091,The patient was diagnosed with colisistectomy.,The patient was diagnosed with cole cystectomy.,The patient was diagnosed with cholecystectomy.,"Both transcripts are garbled and neither clearly recovers ""cholecystectomy""; the dictionary version is marginally closer but still wrong.",HURTS,distil-whisper/distil-large-v2
herniorrhaphy,clinical,her-nee-OR-ah-fee,WASH,-0.023,The patient was diagnosed with hernia-raffi.,The patient was diagnosed with her knee-o-r-a-fee.,The patient was diagnosed with herniorrhaphy.,"Both transcripts fail to recover the correct term ""herniorrhaphy""; the dictionary version is arguably worse with the fragmented ""her knee-o-r-a-fee"" spelling out the letters rather than producing a coherent pronunciation.",HURTS,distil-whisper/distil-large-v2
colostomy,clinical,koh-LOS-toh-mee,WASH,-0.02,The patient was diagnosed with colostomy.,The patient was diagnosed with Coloss Tomey.,The patient was diagnosed with colostomy.,"Both transcripts fail to clearly produce ""colostomy"" — the without-dictionary version has the correct term, while the with-dictionary version is garbled (""Coloss Tomey""), so the dictionary hurt rather than helped, but neither is a clear win.",HURTS,distil-whisper/distil-large-v2
ileostomy,clinical,il-ee-OS-toh-mee,HURTS,-0.029,The patient was diagnosed with iliostomy.,The patient was diagnosed with Ili-O.S. Tomey.,The patient was diagnosed with ileostomy.,"The ""without dictionary"" transcript ""iliostomy"" is a close phonetic match to ""ileostomy,"" while the ""with dictionary"" transcript fragments into nonsense ""Ili-O.S. Tomey.""",HURTS,distil-whisper/distil-large-v2
nephrectomy,clinical,neh-FREK-toh-mee,WASH,0.0,The patient was diagnosed with nephrectomy.,The patient was diagnosed with nephrectomy.,The patient was diagnosed with nephrectomy.,"Both transcripts are identical and the term ""nephrectomy"" is correctly rendered in both, so the dictionary made no difference.",WASH,distil-whisper/distil-large-v2
hysterectomy,clinical,his-teh-REK-toh-mee,HURTS,-0.062,The patient was diagnosed with hysterectomy.,The patient was diagnosed with his tear rectomy.,The patient was diagnosed with hysterectomy.,"The without-dictionary transcript correctly rendered ""hysterectomy,"" while the with-dictionary transcript mangled it into ""his tear rectomy.""",HURTS,distil-whisper/distil-large-v2
mastectomy,clinical,mas-TEK-toh-mee,WASH,-0.051,The patient was diagnosed with mastectomy.,The patient was diagnosed with moss-tectomy.,The patient was diagnosed with mastectomy.,"Both transcripts fail to render the term correctly in context (""diagnosed with mastectomy"" is nonsensical either way), and the dictionary version ""moss-tectomy"" is not a clear improvement.",HELPS,distil-whisper/distil-large-v2
thyroidectomy,clinical,thy-roy-DEK-toh-mee,WASH,-0.015,The patient was diagnosed with thyroidectomy.,The patient was diagnosed with thyroid dectomy.,The patient was diagnosed with thyroidectomy.,"Both transcripts fail to correctly render ""thyroidectomy""; the dictionary version (""thyroid dectomy"") is arguably worse due to the awkward split, but neither recovers the target term.",WASH,distil-whisper/distil-large-v2
parathyroidectomy,clinical,par-ah-thy-roy-DEK-toh-mee,WASH,-0.015,The patient was diagnosed with parathyroidectomy.,The patient was diagnosed with parathyroid dectomy.,The patient was diagnosed with parathyroidectomy.,"Both transcripts are garbled attempts at the target term, with the dictionary version (""parathyroid dectomy"") being slightly worse than the without-dictionary version (""parathyroidectomy""), but neither is meaningfully correct.",HURTS,distil-whisper/distil-large-v2
adrenalectomy,clinical,ad-reh-nal-EK-toh-mee,HURTS,-0.115,The patient was diagnosed with adrenalectomy.,The patient was diagnosed with Adranal EK-Tomi.,The patient was diagnosed with adrenalectomy.,"The without-dictionary transcript already correctly rendered ""adrenalectomy,"" while the with-dictionary transcript garbled it into ""Adranal EK-Tomi.""",WASH,distil-whisper/distil-large-v2
splenectomy,clinical,spleh-NEK-toh-mee,WASH,-0.044,The patient was diagnosed with splenectomy.,The patient was diagnosed with spla nectomy.,The patient was diagnosed with splenectomy.,"Both transcripts fail to clearly render ""splenectomy"" correctly; the dictionary version actually fragments it (""spla nectomy""), so no meaningful improvement.",WASH,distil-whisper/distil-large-v2
pancreatectomy,clinical,pan-kree-ah-TEK-toh-mee,WASH,0.0,The patient was diagnosed with pancreatectomy.,The patient was diagnosed with pancreatectomy.,The patient was diagnosed with pancreatectomy.,"Both transcripts already contain the correct term ""pancreatectomy"" with no difference.",WASH,distil-whisper/distil-large-v2
esophagectomy,clinical,eh-sof-ah-JEK-toh-mee,WASH,0.0,The patient was diagnosed with esophagectomy.,The patient was diagnosed with asophagectomy.,The patient was diagnosed with esophagectomy.,"Both transcripts are essentially equivalent mispronunciations of the term; the dictionary version ""asophagectomy"" is no closer to the target than ""esophagectomy"" in context.",HURTS,distil-whisper/distil-large-v2
gastrectomy,clinical,gas-TREK-toh-mee,WASH,-0.05,The patient was diagnosed with gastrectomy.,The patient was diagnosed with gas tractomey.,The patient was diagnosed with gastrectomy.,"Both transcripts fail to render ""gastrectomy"" correctly; the dictionary version (""gas tractomey"") is arguably worse/more garbled than the original mishearing, but neither recovers the target term.",HELPS,distil-whisper/distil-large-v2
colectomy,clinical,koh-LEK-toh-mee,WASH,0.0,The patient was diagnosed with colectomy.,The patient was diagnosed with colectomy.,The patient was diagnosed with colectomy.,"Both transcripts are identical and correctly render ""colectomy,"" so the dictionary made no difference.",WASH,distil-whisper/distil-large-v2
proctectomy,clinical,prok-TEK-toh-mee,WASH,0.0,The patient was diagnosed with proctectomy.,The patient was diagnosed with proctectomy.,The patient was diagnosed with proctectomy.,"Both transcripts are identical and correctly render the term ""proctectomy,"" so the dictionary made no difference.",WASH,distil-whisper/distil-large-v2
cystectomy,clinical,sis-TEK-toh-mee,WASH,0.0,The patient was diagnosed with cystectomy.,The patient was diagnosed with cystectomy.,The patient was diagnosed with cystectomy.,"Both transcripts are identical and contain the target term correctly, so the dictionary made no difference.",WASH,distil-whisper/distil-large-v2
nephrostomy,clinical,neh-FROS-toh-mee,WASH,0.0,The patient was diagnosed with nefrostomy.,The patient was diagnosed with nefrostomy.,The patient was diagnosed with nephrostomy.,"Both transcripts produced the same incorrect spelling ""nefrostomy"" with no improvement from the dictionary.",HURTS,distil-whisper/distil-large-v2
ureterostomy,clinical,yoo-REE-ter-OS-toh-mee,HURTS,-0.062,The patient was diagnosed with ureterostomy.,The patient was diagnosed with U.Reter-O-S-Tomi.,The patient was diagnosed with ureterostomy.,"The without-dictionary transcript already correctly rendered ""ureterostomy,"" while the with-dictionary transcript garbled it into ""U.Reter-O-S-Tomi.""",HURTS,distil-whisper/distil-large-v2
tracheostomy,clinical,TRAY-kee-OS-toh-mee,HURTS,-0.166,The patient was diagnosed with tracheostomy.,The patient was diagnosed with Trey Kee-O-S-Tomi.,The patient was diagnosed with tracheostomy.,"Without dictionary, the term was correctly rendered as ""tracheostomy""; with dictionary, it became a garbled phonetic spelling ""Trey Kee-O-S-Tomi.""",WASH,distil-whisper/distil-large-v2
cricothyroidotomy,clinical,KRY-koh-thy-ROY-DOT-oh-mee,HURTS,-0.212,The patient was diagnosed with cricothyroidotomy.,The patient was diagnosed with k-ry-cothyro.o-me.,The patient was diagnosed with cricothyroidotomy.,"The without-dictionary transcript correctly rendered ""cricothyroidotomy,"" while the with-dictionary transcript produced a garbled ""k-ry-cothyro.o-me.""",HURTS,distil-whisper/distil-large-v2
thoracotomy,clinical,thor-ah-KOT-oh-mee,HURTS,-0.05,The patient was diagnosed with Thoracotomy.,The patient was diagnosed with Thoracot O'Me.,The patient was diagnosed with thoracotomy.,,HURTS,distil-whisper/distil-large-v2
sternotomy,clinical,ster-NOT-oh-mee,WASH,-0.094,The patient was diagnosed with sternotomy.,The patient was diagnosed with Stir-Not O-Me.,The patient was diagnosed with sternotomy.,"Both transcripts fail to clearly capture ""sternotomy"" — the without-dictionary version at least preserves the recognizable word ""sternotomy,"" while the with-dictionary version fragments it into nonsense syllables, but neither achieves a clear correct rendering.",HURTS,distil-whisper/distil-large-v2
laparotomy,clinical,lap-ah-ROT-oh-mee,WASH,-0.094,The patient was diagnosed with laparotomy.,The patient was diagnosed with lap-baw-wrought O-Me.,The patient was diagnosed with laparotomy.,"Both transcripts fail to clearly render ""laparotomy"" correctly; the dictionary version is fragmented and arguably worse, but neither recovers the target term properly.",HURTS,distil-whisper/distil-large-v2
celiotomy,clinical,see-lee-OT-oh-mee,HURTS,-0.153,The patient was diagnosed with celiotomy.,The patient was diagnosed with C. Lee O.T. O. Me.,The patient was diagnosed with celiotomy.,"The without-dictionary transcript already produced the correct term ""celiotomy,"" while the with-dictionary transcript fragmented it into nonsensical letter-spellings ""C. Lee O.T. O. Me.""",HURTS,distil-whisper/distil-large-v2
arthroscopy,clinical,ar-THROS-koh-pee,HURTS,-0.153,The patient was diagnosed with arthroscopy.,The patient was diagnosed with R.Sruz-Copee.,The patient was diagnosed with arthroscopy.,"The without-dictionary transcript correctly captured ""arthroscopy,"" while the with-dictionary transcript garbled it into ""R.Sruz-Copee.""",WASH,distil-whisper/distil-large-v2
bronchoscopy,clinical,brong-KOS-koh-pee,HURTS,-0.138,The patient was diagnosed with broncoscopy.,The patient was diagnosed with Bronk-K-O-S-K-O-P.,The patient was diagnosed with bronchoscopy.,"Without dictionary, ""broncoscopy"" is a reasonable phonetic rendering of ""bronchoscopy""; with dictionary, the term is spelled out letter-by-letter as ""Bronk-K-O-S-K-O-P,"" which is far worse.",WASH,distil-whisper/distil-large-v2
colonoscopy,clinical,KOH-lon-OS-koh-pee,HURTS,-0.107,The patient was diagnosed with colonoscopy.,The patient was diagnosed with K-O-H-Lon-O-S-COP.,The patient was diagnosed with colonoscopy.,"The without-dictionary transcript correctly rendered ""colonoscopy,"" while the with-dictionary transcript produced a garbled letter-by-letter spelling ""K-O-H-Lon-O-S-COP.""",HURTS,distil-whisper/distil-large-v2
endoscopy,clinical,en-DOS-koh-pee,WASH,0.0,The patient was diagnosed with endoscopy.,The patient was diagnosed with endoscopy.,The patient was diagnosed with endoscopy.,"Both transcripts are identical and correctly render ""endoscopy,"" so the dictionary made no difference.",HELPS,distil-whisper/distil-large-v2
gastroscopy,clinical,gas-TROS-koh-pee,WASH,0.0,The patient was diagnosed with gastroscopy.,The patient was diagnosed with gastroscopy.,The patient was diagnosed with gastroscopy.,"Both transcripts are identical, so the dictionary entry had no effect.",WASH,distil-whisper/distil-large-v2
sigmoidoscopy,clinical,sig-moy-DOS-koh-pee,WASH,0.0,The patient was diagnosed with sigmoidoscopy.,The patient was diagnosed with sigmoidoscopy.,The patient was diagnosed with sigmoidoscopy.,"Both transcripts are identical and neither clearly captures the term as a procedure (it sounds like a diagnosis rather than a procedure name), so the dictionary made no difference.",WASH,distil-whisper/distil-large-v2
cystoscopy,clinical,sis-TOS-koh-pee,WASH,-0.021,The patient was diagnosed with cystoscopy.,The patient was diagnosed with cystophescopy.,The patient was diagnosed with cystoscopy.,"Both transcripts are wrong; the dictionary version (""cystophescopy"") is actually more garbled than the without-dictionary version (""cystoscopy""), but neither recovers the correct term clearly.",HURTS,distil-whisper/distil-large-v2
colposcopy,clinical,kol-POS-koh-pee,WASH,-0.115,The patient was diagnosed with colposcopy.,The patient was diagnosed with Kolposkopi.,The patient was diagnosed with colposcopy.,"Both transcripts fail to clearly render the target term correctly; the dictionary version ""Kolposkopi"" is a German-influenced rendering that doesn't match the English pronunciation goal, and the without-dictionary version ""colposcopy"" is closer to the target despite being in a nonsensical sentence context.",HURTS,distil-whisper/distil-large-v2
hysteroscopy,clinical,his-ter-OS-koh-pee,HURTS,-0.076,The patient was diagnosed with hystereoscopy.,The patient was diagnosed with his TertOS-CoP.,The patient was diagnosed with hysteroscopy.,"The ""without dictionary"" transcript already had a close spelling (""hystereoscopy"") that a listener could parse as the target term, while the ""with dictionary"" transcript became garbled nonsense (""his TertOS-CoP"").",HURTS,distil-whisper/distil-large-v2
laparoscopy,clinical,lap-ah-ROS-koh-pee,WASH,0.0,The patient was diagnosed with laparoscopy.,The patient was diagnosed with laparoscopy.,The patient was diagnosed with laparoscopy.,"Both transcripts are identical and correctly render ""laparoscopy,"" so the dictionary had no effect.",HURTS,distil-whisper/distil-large-v2
thoracoscopy,clinical,thor-ah-KOS-koh-pee,WASH,-0.113,The patient was diagnosed with thoracoscopy.,The patient was diagnosed with Thora KOS-KOP.,The patient was diagnosed with thoracoscopy.,"Both transcripts fail to clearly render ""thoracoscopy"" correctly; the dictionary version fragments it into ""Thora KOS-KOP"" which is not an improvement over the original attempt.",HURTS,distil-whisper/distil-large-v2
mediastinoscopy,clinical,MEE-dee-ah-stih-NOS-koh-pee,HURTS,-0.078,The patient was diagnosed with mediastinoscopy.,The patient was diagnosed with M-E-D-S-D-Noscopy.,The patient was diagnosed with mediastinoscopy.,"The without-dictionary transcript correctly rendered ""mediastinoscopy,"" while the with-dictionary transcript garbled it into ""M-E-D-S-D-Noscopy.""",HURTS,distil-whisper/distil-large-v2
arthroplasty,clinical,AR-throh-plas-tee,WASH,-0.043,The patient was diagnosed with arthroplasty.,The patient was diagnosed with aarthroplaste.,The patient was diagnosed with arthroplasty.,"Both transcripts fail to clearly render ""arthroplasty"" correctly; the dictionary version (""aarthroplaste"") is actually worse/more garbled than the without-dictionary version which at least had the correct term.",WASH,distil-whisper/distil-large-v2
osteotomy,clinical,os-tee-OT-oh-mee,HURTS,-0.215,The patient was diagnosed with osteotomy.,The patient was diagnosed with Oz T-O-T-O-Mee.,The patient was diagnosed with osteotomy.,"Without dictionary, ""osteotomy"" was correctly transcribed; with dictionary, it was garbled into ""Oz T-O-T-O-Mee.""",WASH,distil-whisper/distil-large-v2
craniotomy,clinical,KRAY-nee-OT-oh-mee,HURTS,-0.174,The patient was diagnosed with craniotomy.,The patient was diagnosed with K-R-N-O-T-O-Mee.,The patient was diagnosed with craniotomy.,"The without-dictionary transcript already produced the correct term ""craniotomy,"" while the with-dictionary transcript spelled it out letter-by-letter as ""K-R-N-O-T-O-Mee,"" which is worse.",HURTS,distil-whisper/distil-large-v2
laminectomy,clinical,lam-ih-NEK-toh-mee,WASH,-0.05,The patient was diagnosed with laminectomy.,The patient was diagnosed with Lamehonectomy.,The patient was diagnosed with laminectomy.,"Both transcripts fail to correctly render ""laminectomy"" — the without-dictionary version uses the correct term, while the with-dictionary version produces a garbled ""Lamehonectomy,"" so the dictionary neither helps nor meaningfully hurts the recognition of the target term.",HURTS,distil-whisper/distil-large-v2
discectomy,clinical,dis-EK-toh-mee,WASH,-0.045,The patient was diagnosed with dysectomy.,The patient was diagnosed with dyseketomy.,The patient was diagnosed with discectomy.,"Both transcripts mispronounce the term and neither recovers ""discectomy""; the dictionary version is marginally worse but not meaningfully different.",HURTS,distil-whisper/distil-large-v2
rhizotomy,clinical,ry-ZOT-oh-mee,HURTS,-0.134,The patient was diagnosed with rhizotomy.,The patient was diagnosed with Rye Zot O Me.,The patient was diagnosed with rhizotomy.,"The without-dictionary transcript correctly rendered ""rhizotomy,"" while the with-dictionary transcript broke it into a garbled phonetic spelling ""Rye Zot O Me.""",WASH,distil-whisper/distil-large-v2
neurectomy,clinical,nyoo-REK-toh-mee,WASH,-0.013,The patient was diagnosed with nerectomy.,The patient was diagnosed with new rectomy.,The patient was diagnosed with neurectomy.,"Both transcripts fail to produce the correct term ""neurectomy""; the dictionary version (""new rectomy"") is arguably worse as it fragments the word into two nonsensical pieces, while the non-dictionary version at least approximates a single-word mispronunciation.",WASH,distil-whisper/distil-large-v2
sympathectomy,clinical,sim-pah-THEK-toh-mee,HURTS,-0.138,The patient was diagnosed with sympathectomy.,The patient was diagnosed with Simpa Cectomi.,The patient was diagnosed with sympathectomy.,"The without-dictionary transcript correctly rendered ""sympathectomy,"" while the with-dictionary transcript garbled it into ""Simpa Cectomi.""",WASH,distil-whisper/distil-large-v2
vagotomy,clinical,vay-GOT-oh-mee,HURTS,-0.133,The patient was diagnosed with vagotomy.,The patient was diagnosed with Vagat O'Me.,The patient was diagnosed with vagotomy.,,HELPS,distil-whisper/distil-large-v2
epithelium,anatomical,eh-pih-THEE-lee-um,HURTS,-0.034,The biopsy shows inflammation in the epithelium.,The biopsy shows inflammation in the apichelium.,The biopsy shows inflammation in the epithelium.,"The without-dictionary transcript correctly rendered ""epithelium,"" while the with-dictionary transcript garbled it into ""apichelium.""",HURTS,distil-whisper/distil-large-v2
endothelium,anatomical,en-doh-THEE-lee-um,WASH,-0.121,The biopsy shows inflammation in the endothelium.,The biopsy shows inflammation in the endocin echelion.,The biopsy shows inflammation in the endothelium.,"Both transcripts fail to clearly produce ""endothelium"" — the without-dictionary version is closer to the target, while the with-dictionary version is garbled, but neither is a clear recovery of the correct term.",WASH,distil-whisper/distil-large-v2
mesothelium,anatomical,meh-zoh-THEE-lee-um,HURTS,-0.067,The biopsy shows inflammation in the mesothelium.,The biopsy shows inflammation in the mesotislium.,The biopsy shows inflammation in the mesothelium.,"The without-dictionary transcript correctly rendered ""mesothelium,"" while the with-dictionary transcript garbled it to ""mesotislium.""",HURTS,distil-whisper/distil-large-v2
stratum corneum,anatomical,STRAY-tum KOR-nee-um,HURTS,-0.08,The biopsy shows inflammation in the stratum corneum.,The biopsy shows inflammation in the estratum-K-O-R-Neum.,The biopsy shows inflammation in the stratum corneum.,"The without-dictionary transcript already correctly rendered ""stratum corneum,"" while the with-dictionary transcript garbled it into ""estratum-K-O-R-Neum.""",HURTS,distil-whisper/distil-large-v2
dermis,anatomical,DER-mis,WASH,-0.022,The biopsy shows inflammation in the dermis.,The biopsy shows inflammation in the D.E.R. miss.,The biopsy shows inflammation in the dermis.,"Both transcripts fail to clearly produce ""dermis"" naturally; the dictionary version produced a fragmented letter-by-letter spelling attempt, which is not an improvement.",WASH,distil-whisper/distil-large-v2
epidermis,anatomical,eh-pih-DER-mis,WASH,-0.036,The biopsy shows inflammation in the epidermis.,The biopsy shows inflammation in the APD-Armis.,The biopsy shows inflammation in the epidermis.,"Both transcripts fail to clearly render ""epidermis"" — the without-dictionary version is correct, while the with-dictionary version is garbled as ""APD-Armis,"" but the baseline was already accurate, so the dictionary didn't meaningfully help recover the term.",HURTS,distil-whisper/distil-large-v2
hypodermis,anatomical,hy-poh-DER-mis,WASH,0.0,The biopsy shows inflammation in the hypodermis.,The biopsy shows inflammation in the hypodermis.,The biopsy shows inflammation in the hypodermis.,"Both transcripts are identical and correctly render ""hypodermis.""",HURTS,distil-whisper/distil-large-v2
subcutaneous,anatomical,sub-kyoo-TAY-nee-us,WASH,-0.059,The biopsy shows inflammation in the subcutaneous.,The biopsy shows inflammation in the subcutineus.,The biopsy shows inflammation in the subcutaneous.,"Both transcripts are close but neither perfectly captures ""subcutaneous""; the dictionary version ""subcutineus"" is arguably slightly worse than ""subcutaneous"" (which was already correct in the without-dictionary version), but the difference is minimal.",HURTS,distil-whisper/distil-large-v2
fascia,anatomical,FAH-shah,HURTS,-0.089,The biopsy shows inflammation in the fascia.,The biopsy shows inflammation in the FAAH Shah.,The biopsy shows inflammation in the fascia.,"The without-dictionary transcript correctly rendered ""fascia,"" while the with-dictionary transcript garbled it into ""FAAH Shah.""",WASH,distil-whisper/distil-large-v2
ligament,anatomical,LIH-gah-ment,HURTS,-0.034,The biopsy shows inflammation in the ligament.,The biopsy shows inflammation in the L.I.H. Gaumment.,The biopsy shows inflammation in the ligament.,"The without-dictionary transcript already correctly produced ""ligament,"" while the with-dictionary transcript garbled it into ""L.I.H. Gaumment.""",WASH,distil-whisper/distil-large-v2
tendon,anatomical,TEN-dun,WASH,0.0,The biopsy shows inflammation in the tendon.,The biopsy shows inflammation in the tendon.,The biopsy shows inflammation in the tendon.,"Both transcripts already correctly produced ""tendon"" with no difference.",WASH,distil-whisper/distil-large-v2
aponeurosis,anatomical,ap-oh-noo-ROH-sis,WASH,-0.024,The biopsy shows inflammation in the aponorosis.,The biopsy shows inflammation in the apononuroch cis.,The biopsy shows inflammation in the aponeurosis.,"Both transcripts garble the term (""aponorosis"" vs ""apononuroch cis""), and neither recovers the correct pronunciation ""aponeurosis.""",HURTS,distil-whisper/distil-large-v2
bursa,anatomical,BER-sah,WASH,-0.048,The biopsy shows inflammation in the bursa.,The biopsy shows inflammation in the BER saw.,The biopsy shows inflammation in the bursa.,"Both transcripts fail to clearly capture the target term ""bursa"" — the without-dictionary version spells it correctly as a word, while the with-dictionary version fragments it into ""BER saw,"" so neither is a clear win.",WASH,distil-whisper/distil-large-v2
meniscus,anatomical,meh-NIS-kus,HURTS,-0.055,The biopsy shows inflammation in the meniscus.,The biopsy shows inflammation in the May I eschus.,The biopsy shows inflammation in the meniscus.,"The without-dictionary transcript correctly rendered ""meniscus,"" while the with-dictionary transcript garbled it into ""May I eschus.""",WASH,distil-whisper/distil-large-v2
cartilage,anatomical,KAR-tih-lij,HURTS,-0.084,The biopsy shows inflammation in the cartilage.,The biopsy shows inflammation in the K-A-R tolage.,The biopsy shows inflammation in the cartilage.,"The without-dictionary transcript already correctly rendered ""cartilage,"" while the with-dictionary transcript garbled it into ""K-A-R tolage.""",HURTS,distil-whisper/distil-large-v2
periosteum,anatomical,per-ee-OS-tee-um,WASH,-0.011,The biopsy shows inflammation in the periosteum.,The biopsy shows inflammation in the peri-o-steum.,The biopsy shows inflammation in the periosteum.,"Both transcripts convey the term ""periosteum"" clearly; the dictionary version just adds a slight phonetic hyphenation but doesn't meaningfully improve or worsen recognition.",HURTS,distil-whisper/distil-large-v2
endosteum,anatomical,en-DOS-tee-um,HURTS,-0.071,The biopsy shows inflammation in the endosteum.,The biopsy shows inflammation in the endostean.,The biopsy shows inflammation in the endosteum.,"Without dictionary the term was correctly rendered as ""endosteum,"" while with dictionary it became ""endostean,"" which is wrong.",WASH,distil-whisper/distil-large-v2
diaphysis,anatomical,dy-AF-ih-sis,HURTS,-0.14,The biopsy shows inflammation in the diaphysis.,The biopsy shows inflammation in the die AFSS.,The biopsy shows inflammation in the diaphysis.,"The without-dictionary transcript correctly rendered ""diaphysis,"" while the with-dictionary transcript garbled it into ""die AFSS.""",HURTS,distil-whisper/distil-large-v2
epiphysis,anatomical,eh-PIF-ih-sis,WASH,-0.011,The biopsy shows inflammation in the epiphysis.,The biopsy shows inflammation in the aepiephysis.,The biopsy shows inflammation in the epiphysis.,"Both transcripts are close to the target, but the dictionary version (""aepiephysis"") is actually slightly worse/more garbled than the clean ""epiphysis"" without dictionary.",WASH,distil-whisper/distil-large-v2
metaphysis,anatomical,meh-TAF-ih-sis,WASH,-0.059,The biopsy shows inflammation in the metaphysis.,The biopsy shows inflammation in the metapsis.,The biopsy shows inflammation in the metaphysis.,"Both transcripts are imperfect; ""metaphysis"" is correct in the without-dictionary version, while ""metapsis"" is wrong in the with-dictionary version, but neither clearly recovers the target term better overall.",WASH,distil-whisper/distil-large-v2
physis,anatomical,FY-sis,WASH,0.005,The biopsy shows inflammation in the physis.,The biopsy shows inflammation in the FYSIS.,The biopsy shows inflammation in the physis.,"Both transcripts fail to render ""physis"" correctly — without dictionary it appears as a typo ""physis"" (likely a transcription artifact), with dictionary it becomes ""FYSIS"" which is also wrong. No meaningful improvement.",HURTS,distil-whisper/distil-large-v2
symphysis,anatomical,SIM-fih-sis,WASH,0.0,The biopsy shows inflammation in the synthesis.,The biopsy shows inflammation in the symphasis.,The biopsy shows inflammation in the symphysis.,"Both transcripts miss the target term; ""symphasis"" is not closer to ""symphysis"" than ""synthesis"" in any meaningful way, and similarity gain is 0.",WASH,distil-whisper/distil-large-v2
synovium,anatomical,sih-NOH-vee-um,HURTS,-0.089,The biopsy shows inflammation in the synovium.,The biopsy shows inflammation in the Cihano H. VM.,The biopsy shows inflammation in the synovium.,"The without-dictionary transcript correctly rendered ""synovium,"" while the with-dictionary transcript garbled it into ""Cihano H. VM.""",HURTS,distil-whisper/distil-large-v2
synovia,anatomical,sih-NOH-vee-ah,WASH,-0.01,The biopsy shows inflammation in the synovia.,The biopsy shows inflammation in the CihnoHVIA.,The biopsy shows inflammation in the synovia.,"Both transcripts fail to clearly render ""synovia"" correctly; the dictionary version produced a garbled ""CihnoHVIA"" while the without-dictionary version at least approximated it as ""synovia,"" so no meaningful improvement.",HURTS,distil-whisper/distil-large-v2
sutura,anatomical,soo-TOO-rah,WASH,-0.005,The biopsy shows inflammation in the sutura.,The biopsy shows inflammation in the suetura.,The biopsy shows inflammation in the sutura.,"Both transcripts mispronounce the term (""sutura"" vs ""suetura""), and neither recovers the correct target pronunciation.",HURTS,distil-whisper/distil-large-v2
fontanelle,anatomical,fon-tah-NEL,WASH,0.071,The biopsy shows inflammation in the Fontanao.,The biopsy shows inflammation in the fontanel.,The biopsy shows inflammation in the fontanelle.,"Both transcripts miss the target term clearly: ""Fontanao"" is wrong, and ""fontanel"" is missing the final 'le' syllable, so neither recovers the correct pronunciation.",WASH,distil-whisper/distil-large-v2
myocardium,anatomical,my-oh-KAR-dee-um,HURTS,-0.145,The biopsy shows inflammation in the myocardium.,The biopsy shows inflammation in the myo-k-r-deme.,The biopsy shows inflammation in the myocardium.,"The without-dictionary transcript correctly rendered ""myocardium,"" while the with-dictionary transcript garbled it into ""myo-k-r-deme.""",HURTS,distil-whisper/distil-large-v2
epicardium,anatomical,eh-pih-KAR-dee-um,HURTS,-0.086,The biopsy shows inflammation in the epicardium.,The biopsy shows inflammation in the APKRDM.,The biopsy shows inflammation in the epicardium.,"Without dictionary the term was correctly rendered as ""epicardium""; with dictionary it became garbled ""APKRDM.""",HURTS,distil-whisper/distil-large-v2
pericardium,anatomical,per-ih-KAR-dee-um,WASH,-0.033,The biopsy shows inflammation in the pericardium.,The biopsy shows inflammation in the perikardium.,The biopsy shows inflammation in the pericardium.,"Both transcripts render the term recognizably; the dictionary version uses a slightly different spelling (""perikardium"") but neither is clearly better, and the similarity gain is essentially neutral.",WASH,distil-whisper/distil-large-v2
endocardium,anatomical,en-doh-KAR-dee-um,WASH,-0.033,The biopsy shows inflammation in the endocardium.,The biopsy shows inflammation in the endokardium.,The biopsy shows inflammation in the endocardium.,Both transcripts contain the term with only minor spelling variation; the dictionary didn't meaningfully change pronunciation.,HURTS,distil-whisper/distil-large-v2
intima,anatomical,IN-tih-mah,WASH,0.0,The biopsy shows inflammation in the intima.,The biopsy shows inflammation in the antama.,The biopsy shows inflammation in the intima.,"Both transcripts fail to clearly render ""intima"" correctly; the dictionary version produced ""antama"" which is not closer to the target.",HURTS,distil-whisper/distil-large-v2
media,anatomical,MEH-dee-ah,WASH,-0.042,The biopsy shows inflammation in the media.,The biopsy shows inflammation in the MEHDA.,The biopsy shows inflammation in the media.,"Both transcripts fail to clearly produce the target term ""media"" in its intended anatomical pronunciation; the dictionary version actually mispronounces it as ""MEHDA,"" which is worse or at best no better.",WASH,distil-whisper/distil-large-v2
adventitia,anatomical,ad-ven-TISH-ah,HURTS,-0.074,The biopsy shows inflammation in the adventitia.,The biopsy shows inflammation in the adventuisha.,The biopsy shows inflammation in the adventitia.,"The without-dictionary transcript already correctly rendered ""adventitia,"" while the with-dictionary transcript mangled it into ""adventuisha.""",HURTS,distil-whisper/distil-large-v2
tunica,anatomical,TOO-nih-kah,WASH,-0.048,The biopsy shows inflammation in the tunica.,The biopsy shows inflammation in the tiona ca.,The biopsy shows inflammation in the tunica.,"Both transcripts fail to clearly render ""tunica"" correctly; the dictionary version (""tiona ca"") is arguably worse/garbled, but neither recovers the target term properly.",HURTS,distil-whisper/distil-large-v2
parenchyma,anatomical,pah-REN-kih-mah,WASH,-0.004,The biopsy shows inflammation in the parankyma.,The biopsy shows inflammation in the parrenkama.,The biopsy shows inflammation in the parenchyma.,"Both transcripts mispronounce the term (""parankyma"" vs ""parrenkama""), neither matches the target ""parenchyma,"" and the similarity gain is essentially zero.",HURTS,distil-whisper/distil-large-v2
stroma,anatomical,STROH-mah,HURTS,-0.022,The biopsy shows inflammation in the stroma.,The biopsy shows inflammation in the esteroch ma.,The biopsy shows inflammation in the stroma.,"Without dictionary, ""stroma"" was correctly transcribed; with dictionary, it became garbled as ""esteroch ma.""",WASH,distil-whisper/distil-large-v2
septum,anatomical,SEP-tum,HURTS,-0.055,The biopsy shows inflammation in the septum.,The biopsy shows inflammation in the SEP tongue.,The biopsy shows inflammation in the septum.,"The without-dictionary transcript correctly rendered ""septum,"" while the with-dictionary transcript garbled it into ""SEP tongue.""",WASH,distil-whisper/distil-large-v2
septa,anatomical,SEP-tah,WASH,0.048,The biopsy shows inflammation in the scepter.,The biopsy shows inflammation in the SEPTA.,The biopsy shows inflammation in the septa.,unparsed judge output: 'VERDICT|HELPS',WASH,distil-whisper/distil-large-v2
trabecula,anatomical,trah-BEK-yoo-lah,WASH,0.025,The biopsy shows inflammation in the tribecula.,The biopsy shows inflammation in the traw-becula.,The biopsy shows inflammation in the trabecula.,"Both transcripts mispronounce the term (""tribecula"" vs ""traw-becula""), and neither recovers the correct ""trabecula"" pronunciation meaningfully.",WASH,distil-whisper/distil-large-v2
hilum,anatomical,HY-lum,WASH,0.0,The biopsy shows inflammation in the hillum.,The biopsy shows inflammation in the HY Lum.,The biopsy shows inflammation in the hilum.,"Both transcripts fail to produce the correct term ""hilum""; the dictionary version (""HY Lum"") is arguably worse than ""hillum"" as it fragments the word.",HURTS,distil-whisper/distil-large-v2
hilus,anatomical,HY-lus,WASH,0.037,The biopsy shows inflammation in the hylais.,The biopsy shows inflammation in the HY-Luss.,The biopsy shows inflammation in the hilus.,"Both transcripts fail to clearly produce ""hilus"" — the without version gives ""hylais"" and the with version gives ""HY-Luss"" (a hyphenated, non-standard rendering), so neither recovers the target term.",HURTS,distil-whisper/distil-large-v2
sulcus,anatomical,SUL-kus,WASH,-0.044,The biopsy shows inflammation in the sulcus.,The biopsy shows inflammation in the swalcus.,The biopsy shows inflammation in the sulcus.,"Both transcripts are close but neither perfectly captures ""sulcus""; the dictionary version (""swalcus"") is slightly worse, while the non-dictionary version is essentially correct.",WASH,distil-whisper/distil-large-v2
gyrus,anatomical,JY-rus,WASH,-0.054,The biopsy shows inflammation in the gyrus.,The biopsy shows inflammation in the J.Y. Russ.,The biopsy shows inflammation in the gyrus.,"Both transcripts fail to clearly render ""gyrus"" — the without-dictionary version is closer to the target, while the with-dictionary version is garbled into ""J.Y. Russ,"" so the dictionary did not help and arguably hurt slightly, but neither is correct.",WASH,distil-whisper/distil-large-v2
cortex,anatomical,KOR-teks,HURTS,-0.048,The biopsy shows inflammation in the cortex.,The biopsy shows inflammation in the KOR text.,The biopsy shows inflammation in the cortex.,"The without-dictionary transcript already correctly rendered ""cortex,"" while the with-dictionary transcript garbled it into ""KOR text.""",WASH,distil-whisper/distil-large-v2
medulla,anatomical,meh-DOOL-ah,WASH,0.0,The biopsy shows inflammation in the medulla.,The biopsy shows inflammation in the medulla.,The biopsy shows inflammation in the medulla.,"Both transcripts are identical and correctly include ""medulla,"" so the dictionary made no difference.",HURTS,distil-whisper/distil-large-v2
capsule,anatomical,KAP-sool,WASH,-0.081,The biopsy shows inflammation in the capsule.,The biopsy shows inflammation in the capysoil.,The biopsy shows inflammation in the capsule.,"Both transcripts fail to clearly produce ""capsule"" — the without-dictionary version actually reads more naturally and closer to the target, while the with-dictionary version is garbled (""capysoil"").",WASH,distil-whisper/distil-large-v2
lobe,anatomical,LOHB,WASH,-0.051,The biopsy shows inflammation in the lobe.,The biopsy shows inflammation in the L-O-H-B.,The biopsy shows inflammation in the lobe.,"Both transcripts fail to clearly produce ""lobe"" naturally; the dictionary version spells it out letter-by-letter which is worse, but neither achieves the target pronunciation cleanly.",WASH,distil-whisper/distil-large-v2
lobule,anatomical,LOB-yool,WASH,-0.014,The biopsy shows inflammation in the lobule.,The biopsy shows inflammation in the L-O-B-Ule.,The biopsy shows inflammation in the lobule.,"Both transcripts fail to clearly produce ""lobule"" naturally; the dictionary version spells it out letter-by-letter, which is not a clear improvement.",WASH,distil-whisper/distil-large-v2
acinus,anatomical,AS-ih-nus,HURTS,-0.044,The biopsy shows inflammation in the acinus.,The biopsy shows inflammation in the ASHANUS.,The biopsy shows inflammation in the acinus.,"The without-dictionary transcript correctly rendered ""acinus,"" while the with-dictionary transcript garbled it into ""ASHANUS.""",HURTS,distil-whisper/distil-large-v2
alveolus,anatomical,al-VEE-oh-lus,WASH,0.0,The biopsy shows inflammation in the alveolus.,The biopsy shows inflammation in the alveolus.,The biopsy shows inflammation in the alveolus.,"Both transcripts are identical and correctly render ""alveolus,"" so the dictionary made no difference.",WASH,distil-whisper/distil-large-v2
glomerulus,anatomical,gloh-MER-yoo-lus,WASH,-0.042,The biopsy shows inflammation in the glomerulus.,The biopsy shows inflammation in the glow mere you lust.,The biopsy shows inflammation in the glomerulus.,"Both transcripts fail to clearly render ""glomerulus"" correctly; the dictionary version is fragmented into nonsensical words while the non-dictionary version at least preserves the recognizable term.",WASH,distil-whisper/distil-large-v2
nephron,anatomical,NEF-ron,WASH,-0.005,The biopsy shows inflammation in the nephron.,The biopsy shows inflammation in the enephron.,The biopsy shows inflammation in the nephron.,"Both transcripts are essentially equivalent in quality; the dictionary version added an extra syllable (""enephron"") but neither is clearly better or worse at recovering ""nephron.""",WASH,distil-whisper/distil-large-v2
tubule,anatomical,TOOB-yool,WASH,-0.04,The biopsy shows inflammation in the tubule.,The biopsy shows inflammation in the tobule.,The biopsy shows inflammation in the tubule.,"Both transcripts are close to the target; ""tubule"" vs ""tobule"" is a minor one-letter difference, and neither shows a clear improvement from the dictionary.",WASH,distil-whisper/distil-large-v2
ductule,anatomical,DUK-tool,WASH,-0.08,The biopsy shows inflammation in the ductual.,The biopsy shows inflammation in the DUK tool.,The biopsy shows inflammation in the ductule.,"Both transcripts miss the target term ""ductule"" — without dictionary gives ""ductual"" (closer to the target phonetically), with dictionary gives ""DUK tool"" (fragmented and worse), so the dictionary didn't help recover the correct term.",WASH,distil-whisper/distil-large-v2
ductus,anatomical,DUK-tus,WASH,-0.051,The biopsy shows inflammation in the ductus.,The biopsy shows inflammation in the D-U-K tus.,The biopsy shows inflammation in the ductus.,"Both transcripts fail to clearly produce ""ductus"" naturally; the dictionary version spells it out letter-by-letter which is not a proper pronunciation recovery.",WASH,distil-whisper/distil-large-v2
vas deferens,anatomical,vas DEF-er-enz,HURTS,-0.046,The biopsy shows inflammation in the vas deference.,"The biopsy shows inflammation in the Vase, D-E-F-R-Ns.",The biopsy shows inflammation in the vas deferens.,"The without-dictionary transcript ""vas deference"" is a common but understandable mishearing of ""vas deferens,"" while the with-dictionary transcript fragments into ""Vase, D-E-F-R-Ns,"" which is far worse and clearly garbled.",HURTS,distil-whisper/distil-large-v2
epididymis,anatomical,ep-ih-DID-ih-mis,WASH,0.0,The biopsy shows inflammation in the epididymis.,The biopsy shows inflammation in the epididymis.,The biopsy shows inflammation in the epididymis.,"Both transcripts already correctly produced ""epididymis"" with no difference.",WASH,distil-whisper/distil-large-v2
fimbria,anatomical,FIM-bree-ah,WASH,-0.005,The biopsy shows inflammation in the fimbria.,The biopsy shows inflammation in the fiumbria.,The biopsy shows inflammation in the fimbria.,"Both transcripts are close to the target; the dictionary version ""fiumbria"" is marginally different but neither clearly better or worse.",WASH,distil-whisper/distil-large-v2
fornix,anatomical,FOR-niks,WASH,-0.089,The biopsy shows inflammation in the fornix.,The biopsy shows inflammation in the FOR necks.,The biopsy shows inflammation in the fornix.,"Both transcripts fail to clearly capture ""fornix"" — the without-dictionary version uses the correct term, while the with-dictionary version garbles it into ""FOR necks,"" so neither is a clear improvement.",HELPS,distil-whisper/distil-large-v2
mesentery,anatomical,MEZ-en-ter-ee,WASH,0.009,The biopsy shows inflammation in the mezzantery.,The biopsy shows inflammation in the MZ entry.,The biopsy shows inflammation in the mesentery.,"Both transcripts fail to produce the correct term ""mesentery""; the dictionary version produces a garbled ""MZ entry"" which is no better than ""mezzantery.""",WASH,distil-whisper/distil-large-v2
omentum,anatomical,oh-MEN-tum,WASH,0.033,The biopsy shows inflammation in the omentom.,The biopsy shows inflammation in the omen tum.,The biopsy shows inflammation in the omentum.,"Both transcripts mispronounce ""omentum"" (omentum vs omentom/omen tum), with negligible difference between them.",WASH,distil-whisper/distil-large-v2
peritoneum,anatomical,per-ih-toh-NEE-um,HELPS,0.064,The biopsy shows inflammation in the paratneum.,The biopsy shows inflammation in the peritoneum.,The biopsy shows inflammation in the peritoneum.,"The without-dictionary transcript produced ""paratneum"" (a garbled mispronunciation), while the with-dictionary transcript correctly recovered ""peritoneum.""",HURTS,distil-whisper/distil-large-v2
retroperitoneum,anatomical,REH-troh-per-ih-toh-NEE-um,WASH,0.016,The biopsy shows inflammation in the retroparatanium.,The biopsy shows inflammation in the R.H. Tropritoneion.,The biopsy shows inflammation in the retroperitoneum.,"Both transcripts are garbled and neither recovers ""retroperitoneum""; the dictionary version is arguably worse with the ""R.H. Tropritoneion"" rendering.",HURTS,distil-whisper/distil-large-v2
mesocolon,anatomical,MEZ-oh-KOH-lon,HURTS,-0.134,The biopsy shows inflammation in the mesocolon.,The biopsy shows inflammation in the emezzo-K-O-H lawn.,The biopsy shows inflammation in the mesocolon.,"Without dictionary, ""mesocolon"" was rendered correctly; with dictionary, it became a garbled ""emezzo-K-O-H lawn.""",WASH,distil-whisper/distil-large-v2
haustra,anatomical,HAW-strah,WASH,0.0,The biopsy shows inflammation in the hostra.,The biopsy shows inflammation in the tostra.,The biopsy shows inflammation in the haustra.,"Both transcripts mispronounced the term (""hostra"" vs ""tostra""), and neither recovered the correct ""haustra.""",HURTS,distil-whisper/distil-large-v2
plicae,anatomical,PLY-see,WASH,-0.035,The biopsy shows inflammation in the pliqai.,The biopsy shows inflammation in the PLYC.,The biopsy shows inflammation in the plicae.,"Both transcripts fail to recover the correct term ""plicae"" — one is garbled as ""pliqai"" and the other as ""PLYC"", with no meaningful improvement.",WASH,distil-whisper/distil-large-v2
rugae,anatomical,ROO-jee,WASH,-0.119,The biopsy shows inflammation in the rougae.,The biopsy shows inflammation in the ROOG.,The biopsy shows inflammation in the rugae.,"Both transcripts fail to clearly produce ""rugae"" — without dictionary it's misspelled as ""rougae,"" with dictionary it's truncated to ""ROOG"" — neither recovers the target term properly.",HURTS,distil-whisper/distil-large-v2
villi,anatomical,VIL-eye,WASH,0.0,The biopsy shows inflammation in the villi.,The biopsy shows inflammation in the villi.,The biopsy shows inflammation in the villi.,"Both transcripts are identical and correctly render ""villi.""",WASH,distil-whisper/distil-large-v2
microvilli,anatomical,MY-kroh-VIL-eye,HURTS,-0.027,The biopsy shows inflammation in the microvilli.,The biopsy shows inflammation in the M.Y. Crow villi.,The biopsy shows inflammation in the microvilli.,"The ""without dictionary"" transcript correctly rendered ""microvilli,"" while the ""with dictionary"" transcript garbled it into ""M.Y. Crow villi.""",WASH,distil-whisper/distil-large-v2
cryptae,anatomical,KRIP-tee,WASH,-0.038,The biopsy shows inflammation in the cryptae.,The biopsy shows inflammation in the cryptee.,The biopsy shows inflammation in the cryptae.,"Both transcripts attempt the term but neither matches the target ""cryptae"" well; ""cryptee"" is arguably slightly worse but the difference is minimal.",HELPS,distil-whisper/distil-large-v2
pylorus,anatomical,py-LOR-us,WASH,0.0,The biopsy shows inflammation in the pyloris.,The biopsy shows inflammation in the pyloris.,The biopsy shows inflammation in the pylorus.,"Both transcripts are identical (""pyloris""), so the dictionary entry produced no change.",WASH,distil-whisper/distil-large-v2
cardia,anatomical,KAR-dee-ah,HURTS,-0.104,The biopsy shows inflammation in the cardia.,The biopsy shows inflammation in the K-A-R-D-A-R-D-A.,The biopsy shows inflammation in the cardia.,"The without-dictionary transcript already correctly rendered ""cardia,"" while the with-dictionary transcript spelled it out letter-by-letter as ""K-A-R-D-A-R-D-A,"" which is worse.",HURTS,distil-whisper/distil-large-v2
fundus,anatomical,FUN-dus,WASH,-0.011,The biopsy shows inflammation in the fundis.,The biopsy shows inflammation in the fume-deus.,The biopsy shows inflammation in the fundus.,"Both transcripts mispronounce the term (""fundis"" vs ""fume-deus""), and neither recovers the correct ""fundus"" pronunciation.",WASH,distil-whisper/distil-large-v2
antrum,anatomical,AN-trum,HURTS,-0.044,The biopsy shows inflammation in the antrum.,The biopsy shows inflammation in the antromb.,The biopsy shows inflammation in the antrum.,"The ""without dictionary"" transcript correctly rendered ""antrum,"" while the ""with dictionary"" transcript garbled it into ""antromb.""",WASH,distil-whisper/distil-large-v2
duodenum,anatomical,doo-oh-DEE-num,WASH,-0.042,The biopsy shows inflammation in the duodenum.,The biopsy shows inflammation in the duo D-Num.,The biopsy shows inflammation in the duodenum.,"Both attempts fail to clearly produce ""duodenum"" — the without-dictionary version actually reads more naturally as the correct term, while the with-dictionary version fragments it into ""duo D-Num.""",WASH,distil-whisper/distil-large-v2
jejunum,anatomical,jeh-JOO-num,WASH,0.038,The biopsy shows inflammation in the jaygnam.,The biopsy shows inflammation in the J-O-Num.,The biopsy shows inflammation in the jejunum.,"Both transcripts fail to recover the correct term ""jejunum""; the dictionary version produces a garbled ""J-O-Num"" which is no closer to the target than ""jaygnam.""",HURTS,distil-whisper/distil-large-v2
ileum,anatomical,IL-ee-um,WASH,0.004,The biopsy shows inflammation in the ilium.,The biopsy shows inflammation in the ILEM.,The biopsy shows inflammation in the ileum.,"Both transcripts fail to produce the correct term ""ileum"" — one says ""ilium"" and the other says ""ILEM"" — so the dictionary did not meaningfully help.",HURTS,distil-whisper/distil-large-v2
cecum,anatomical,SEE-kum,WASH,-0.085,The biopsy shows inflammation in the secum.,The biopsy shows inflammation in the seacom.,The biopsy shows inflammation in the cecum.,"Both transcripts mispronounce the term (""secum"" vs ""seacom""), neither recovers the correct ""cecum"" pronunciation.",WASH,distil-whisper/distil-large-v2
vermiform,anatomical,VER-mih-form,HURTS,-0.036,The biopsy shows inflammation in the vermaform.,The biopsy shows inflammation in the VRME form.,The biopsy shows inflammation in the vermiform.,"The without-dictionary transcript ""vermaform"" is closer to ""vermiform"" than the with-dictionary transcript ""VRME form,"" which is garbled and fragmented.",WASH,distil-whisper/distil-large-v2
appendix,anatomical,ah-PEN-diks,WASH,0.0,The biopsy shows inflammation in the appendix.,The biopsy shows inflammation in the appendix.,The biopsy shows inflammation in the appendix.,"Both transcripts already correctly produced ""appendix"" with no difference.",WASH,distil-whisper/distil-large-v2
sigmoid,anatomical,SIG-moyd,WASH,0.0,The biopsy shows inflammation in the sigmoid.,The biopsy shows inflammation in the sigmoid.,The biopsy shows inflammation in the sigmoid.,"Both transcripts are identical and correctly include ""sigmoid,"" so the dictionary entry produced no change.",WASH,distil-whisper/distil-large-v2
rectum,anatomical,REK-tum,HURTS,-0.092,The biopsy shows inflammation in the rectum.,The biopsy shows inflammation in the R.E.K. Tom.,The biopsy shows inflammation in the rectum.,"The without-dictionary transcript correctly rendered ""rectum,"" while the with-dictionary transcript garbled it into ""R.E.K. Tom.""",WASH,distil-whisper/distil-large-v2
anus,anatomical,AY-nus,WASH,-0.051,The biopsy shows inflammation in the anus.,The biopsy shows inflammation in the A-Yness.,The biopsy shows inflammation in the anus.,"Both transcripts fail to clearly produce the target term ""anus"" — the without-dictionary version spells it correctly while the with-dictionary version garbles it into ""A-Yness,"" so the dictionary neither helps nor meaningfully recovers the term.",HURTS,distil-whisper/distil-large-v2
sphincter,anatomical,SFINK-ter,WASH,-0.006,The biopsy shows inflammation in the sphincter.,The biopsy shows inflammation in the esphincter.,The biopsy shows inflammation in the sphincter.,"Both transcripts are essentially the same; the dictionary version added a stray ""e"" but the term is still recognizable in both, with negligible similarity change.",HURTS,distil-whisper/distil-large-v2
papilla,anatomical,pah-PIL-ah,WASH,0.0,The biopsy shows inflammation in the papilla.,The biopsy shows inflammation in the papilla.,The biopsy shows inflammation in the papilla.,"Both transcripts are identical and correctly include ""papilla,"" so the dictionary made no difference.",WASH,distil-whisper/distil-large-v2
ampulla,anatomical,am-POOL-ah,WASH,0.0,The biopsy shows inflammation in the ampula.,The biopsy shows inflammation in the ampula.,The biopsy shows inflammation in the ampulla.,"Both transcripts render the term identically as ""ampula,"" so the dictionary entry produced no change.",WASH,distil-whisper/distil-large-v2
cholecyst,anatomical,KOH-leh-sist,WASH,-0.022,The biopsy shows inflammation in the coloist.,The biopsy shows inflammation in the K-O-H-Lacist.,The biopsy shows inflammation in the cholecyst.,"Both transcripts fail to recover the target term ""cholecyst"" — the without-dictionary version produced ""coloist"" and the with-dictionary version produced a garbled letter-spelling ""K-O-H-Lacist,"" neither of which is closer to the correct pronunciation.",HELPS,distil-whisper/distil-large-v2
choledochus,anatomical,koh-LED-oh-kus,WASH,0.0,The biopsy shows inflammation in the calatocus.,The biopsy shows inflammation in the coletocus.,The biopsy shows inflammation in the choledochus.,"Both transcripts mispronounce the term similarly (""calatocus"" vs ""coletocus""), neither recovers ""choledochus.""",HURTS,distil-whisper/distil-large-v2
pancreas,anatomical,PAN-kree-as,WASH,0.0,The biopsy shows inflammation in the pancreas.,The biopsy shows inflammation in the pancreas.,The biopsy shows inflammation in the pancreas.,"Both transcripts are identical and correctly include ""pancreas,"" so the dictionary entry produced no change.",WASH,distil-whisper/distil-large-v2
islets,anatomical,EYE-lets,WASH,0.044,The biopsy shows inflammation in the eyelids.,The biopsy shows inflammation in the EYLets.,The biopsy shows inflammation in the islets.,"Both transcripts fail to clearly produce ""islets""; the dictionary version produces ""EYLets"" which is not closer to the target than ""eyelids.""",HELPS,distil-whisper/distil-large-v2
acini,anatomical,AS-ih-nye,WASH,0.01,The biopsy shows inflammation in the assignee.,The biopsy shows inflammation in the ASNI.,The biopsy shows inflammation in the acini.,"Both transcripts fail to recover ""acini""; the dictionary version produces ""ASNI"" which is no closer to the target than ""assignee.""",HELPS,distil-whisper/distil-large-v2
centrilobular,anatomical,sen-trih-LOB-yoo-lar,WASH,0.006,The biopsy shows inflammation in the central obuular.,The biopsy shows inflammation in the centralob ular.,The biopsy shows inflammation in the centrilobular.,"Both transcripts fail to produce the correct term ""centrilobular""; the dictionary version is slightly worse with a fragmented ""centralob ular"" compared to ""central obuular"".",HELPS,distil-whisper/distil-large-v2
periportal,anatomical,per-ih-POR-tal,HELPS,0.034,The biopsy shows inflammation in the paraportal.,The biopsy shows inflammation in the periportal.,The biopsy shows inflammation in the periportal.,"The without-dictionary transcript produced ""paraportal"" (wrong), while the with-dictionary transcript correctly recovered ""periportal.""",HURTS,distil-whisper/distil-large-v2
sinusoids,anatomical,SIN-yoo-soydz,WASH,-0.041,The biopsy shows inflammation in the sinusoids.,The biopsy shows inflammation in the sinewsoids.,The biopsy shows inflammation in the sinusoids.,"Both transcripts are close to the target; the dictionary version ""sinewsoids"" is slightly less accurate than ""sinusoids"" but neither is clearly better or worse in conveying the term.",HURTS,distil-whisper/distil-large-v2
Kupffer,anatomical,KOOP-fer,HURTS,-0.121,The biopsy shows inflammation in the cuffer.,The biopsy shows inflammation in the coop fur.,The biopsy shows inflammation in the Kupffer.,"The ""without dictionary"" transcript ""cuffer"" is a closer phonetic match to ""Kupffer"" than ""coop fur,"" which is a two-word garbled rendering.",WASH,distil-whisper/distil-large-v2
space of Disse,anatomical,spays of DIS,WASH,-0.006,The biopsy shows inflammation in the space of Disa.,The biopsy shows inflammation in the space of D.I.S.,The biopsy shows inflammation in the space of Disse.,"Both transcripts fail to render ""Disse"" correctly—one as ""Disa,"" the other as ""D.I.S.""—so the dictionary did not meaningfully help.",WASH,distil-whisper/distil-large-v2
canaliculi,anatomical,kan-ah-LIK-yoo-lye,WASH,-0.087,The biopsy shows inflammation in the canaliculi.,The biopsy shows inflammation in the canna-like uly.,The biopsy shows inflammation in the canaliculi.,"Both transcripts fail to clearly render ""canaliculi"" — the without-dictionary version approximates it as ""canaliculi"" while the with-dictionary version fragments into ""canna-like uly,"" so neither is a clear recovery.",HURTS,distil-whisper/distil-large-v2
falciform,anatomical,FAL-sih-form,WASH,-0.019,The biopsy shows inflammation in the felsiform.,The biopsy shows inflammation in the FAL sick form.,The biopsy shows inflammation in the falciform.,"Both transcripts fail to clearly produce ""falciform"" — the without version says ""felsiform"" (close but wrong) and the with version fragments it as ""FAL sick form"" (also wrong), so no meaningful improvement.",HELPS,distil-whisper/distil-large-v2
ligamentum teres,anatomical,lig-ah-MEN-tum TER-eez,WASH,-0.006,The biopsy shows inflammation in the ligamentum tears.,The biopsy shows inflammation in the ligamentum taries.,The biopsy shows inflammation in the ligamentum teres.,"Both transcripts mispronounce the term (""tears""/""taries"" vs target ""teres""), and the dictionary version is not meaningfully closer to the correct pronunciation.",HURTS,distil-whisper/distil-large-v2
ligamentum venosum,anatomical,lig-ah-MEN-tum veh-NOH-sum,WASH,-0.019,The biopsy shows inflammation in the ligamentum venosum.,The biopsy shows inflammation in the ligamentum veno-h sum.,The biopsy shows inflammation in the ligamentum venosum.,"Both transcripts fail to cleanly produce the target term; the dictionary version actually fragments it into ""ligamentum veno-h sum,"" which is worse than the without-dictionary version that at least rendered it as a single unit.",WASH,distil-whisper/distil-large-v2
porta hepatis,anatomical,POR-tah heh-PAT-is,WASH,-0.01,The biopsy shows inflammation in the port of hepatitis.,The biopsy shows inflammation in the P.O.R. taw hapattis.,The biopsy shows inflammation in the porta hepatis.,"Both transcripts fail to recover the correct term ""porta hepatis""; the dictionary version is fragmented into initials and a garbled rendering, offering no meaningful improvement.",HURTS,distil-whisper/distil-large-v2
coronary,anatomical,KOR-ah-nair-ee,WASH,-0.07,The biopsy shows inflammation in the coronary.,The biopsy shows inflammation in the KORNary.,The biopsy shows inflammation in the coronary.,"Both transcripts contain the word ""coronary"" (or a near-homophone ""KORNary""), and neither is meaningfully better than the other; the dictionary didn't change the outcome.",HURTS,distil-whisper/distil-large-v2
circumflex,anatomical,SER-kum-fleks,WASH,-0.04,The biopsy shows inflammation in the circumflex.,The biopsy shows inflammation in the SER cumflex.,The biopsy shows inflammation in the circumflex.,"Both transcripts fail to clearly render ""circumflex"" correctly; the dictionary version introduces ""SER cumflex"" which is worse, but neither is a clear recovery.",WASH,distil-whisper/distil-large-v2
interventricular,anatomical,in-ter-ven-TRIK-yoo-lar,HELPS,0.006,The biopsy shows inflammation in the inner ventricular.,The biopsy shows inflammation in the interventricular.,The biopsy shows inflammation in the interventricular.,"The ""without dictionary"" transcript produced ""inner ventricular"" (a mishearing/fragmentation), while the ""with dictionary"" transcript correctly recovered ""interventricular.""",WASH,distil-whisper/distil-large-v2
interventricular septum,anatomical,in-ter-ven-TRIK-yoo-lar SEP-tum,WASH,-0.006,The biopsy shows inflammation in the interventricular septum.,The biopsy shows inflammation in the interventricular SEP tum.,The biopsy shows inflammation in the interventricular septum.,"Both transcripts contain the term, but the ""with dictionary"" version fragments ""septum"" into ""SEP tum,"" which is a worse rendering of the target term.",HELPS,distil-whisper/distil-large-v2
papillary muscle,anatomical,PAP-ih-lair-ee MUS-el,HURTS,-0.068,The biopsy shows inflammation in the papillary muscle.,The biopsy shows inflammation in the papillary M. U.S.L.,The biopsy shows inflammation in the papillary muscle.,"The without-dictionary transcript correctly rendered ""papillary muscle,"" while the with-dictionary transcript garbled it into ""M. U.S.L.""",HURTS,distil-whisper/distil-large-v2
chordae tendineae,anatomical,KOR-dee ten-DIN-ee-ee,WASH,0.042,The biopsy shows inflammation in the corday tendony.,The biopsy shows inflammation in the K-O-R-D tendine e.,The biopsy shows inflammation in the chordae tendineae.,"Both transcripts fail to clearly produce ""chordae tendineae""; the dictionary version spells out ""K-O-R-D"" and fragments the term, while the non-dictionary version at least approximates it as ""corday tendony.""",HURTS,distil-whisper/distil-large-v2
leaflet,anatomical,LEEF-let,WASH,0.0,The biopsy shows inflammation in the leaflet.,The biopsy shows inflammation in the leaflet.,The biopsy shows inflammation in the leaflet.,"Both transcripts are identical and correctly contain the target term ""leaflet.""",WASH,distil-whisper/distil-large-v2
semilunar,anatomical,sem-ee-LOO-nar,HELPS,0.066,The biopsy shows inflammation in the semiliner.,The biopsy shows inflammation in the semi-lunar.,The biopsy shows inflammation in the semilunar.,"The without-dictionary transcript produced ""semiliner"" (a mishearing), while the with-dictionary transcript correctly produced ""semi-lunar,"" recovering the target term.",WASH,distil-whisper/distil-large-v2
atrioventricular,anatomical,ay-tree-oh-ven-TRIK-yoo-lar,WASH,0.0,The biopsy shows inflammation in the atrio ventricular.,The biopsy shows inflammation in the atrio ventricular.,The biopsy shows inflammation in the atrioventricular.,"Both transcripts are identical, so the dictionary entry had no effect.",WASH,distil-whisper/distil-large-v2
ventricular,anatomical,ven-TRIK-yoo-lar,WASH,-0.033,The biopsy shows inflammation in the ventricular.,The biopsy shows inflammation in the ventracular.,The biopsy shows inflammation in the ventricular.,"Both transcripts are garbled in different ways (""ventricular"" vs ""ventracular""), and neither clearly recovers the correct term; the dictionary didn't meaningfully help.",WASH,distil-whisper/distil-large-v2
sinoatrial,anatomical,sigh-noh-AY-tree-al,WASH,-0.05,The biopsy shows inflammation in the sinoatrial.,The biopsy shows inflammation in the sine oa triol.,The biopsy shows inflammation in the sinoatrial.,"Both transcripts fail to clearly produce ""sinoatrial"" — the without-dictionary version actually keeps the term intact, while the with-dictionary version fragments it into ""sine oa triol,"" so the dictionary didn't help and arguably made it worse, but the baseline wasn't clearly correct either.",HURTS,distil-whisper/distil-large-v2
coronary sinus,anatomical,KOR-ah-nair-ee SIGH-nus,HURTS,-0.242,The biopsy shows inflammation in the coronary sinus.,The biopsy shows inflammation in the KOR and Nere E. Sitchness.,The biopsy shows inflammation in the coronary sinus.,"The without-dictionary transcript correctly rendered ""coronary sinus,"" while the with-dictionary transcript garbled it into ""KOR and Nere E. Sitchness.""",HURTS,distil-whisper/distil-large-v2
vena cava,anatomical,VEE-nah KAY-vah,HURTS,-0.179,The biopsy shows inflammation in the vena cava.,The biopsy shows inflammation in the V-E-N-A-Y.,The biopsy shows inflammation in the vena cava.,"The without-dictionary transcript correctly produced ""vena cava,"" while the with-dictionary transcript garbled it into the spelled-out ""V-E-N-A-Y.""",HELPS,distil-whisper/distil-large-v2
pulmonary trunk,anatomical,PUL-mah-nair-ee trunk,WASH,-0.047,The biopsy shows inflammation in the pulmonary trunk.,The biopsy shows inflammation in the pulmonaire e-trunk.,The biopsy shows inflammation in the pulmonary trunk.,"Both transcripts fail to clearly render ""pulmonary trunk"" correctly; the dictionary version introduces a garbled ""pulmonaire e-trunk"" which is not an improvement.",HURTS,distil-whisper/distil-large-v2
aorta,anatomical,ay-OR-tah,WASH,-0.008,The biopsy shows inflammation in the aorta.,The biopsy shows inflammation in the AOR tau.,The biopsy shows inflammation in the aorta.,"Both transcripts fail to render ""aorta"" naturally; the dictionary version produces a fragmented ""AOR tau"" while the without version at least reads ""aorta"" correctly.",HURTS,distil-whisper/distil-large-v2
carotid,anatomical,kah-ROT-id,HURTS,-0.051,The biopsy shows inflammation in the carotid.,The biopsy shows inflammation in the car-rotted.,The biopsy shows inflammation in the carotid.,"The without-dictionary transcript correctly rendered ""carotid,"" while the with-dictionary transcript mangled it into ""car-rotted.""",WASH,distil-whisper/distil-large-v2
subclavian,anatomical,sub-KLAY-vee-an,WASH,-0.074,The biopsy shows inflammation in the subclavian.,The biopsy shows inflammation in the sub-Klyvian.,The biopsy shows inflammation in the subclavian.,"Both transcripts attempt the term but neither clearly recovers ""subclavian"" correctly; the dictionary version (""sub-Klyvian"") is arguably worse than the natural attempt.",WASH,distil-whisper/distil-large-v2
vertebral,anatomical,VER-teh-bral,HURTS,-0.118,The biopsy shows inflammation in the vertebral.,The biopsy shows inflammation in the V.R. Taborol.,The biopsy shows inflammation in the vertebral.,"The without-dictionary transcript correctly rendered ""vertebral,"" while the with-dictionary transcript garbled it into ""V.R. Taborol.""",WASH,distil-whisper/distil-large-v2
basilar,anatomical,BAS-ih-lar,WASH,-0.069,The biopsy shows inflammation in the basilar.,The biopsy shows inflammation in the BASLR.,The biopsy shows inflammation in the basilar.,"Both transcripts fail to clearly produce ""basilar"" — the without-dictionary version got closer to the target, while the with-dictionary version produced a garbled ""BASLR,"" so the dictionary did not help and arguably made it worse, but neither is clearly correct.",WASH,distil-whisper/distil-large-v2
circle of Willis,anatomical,SER-kul of WIL-is,HURTS,-0.137,The biopsy shows inflammation in the circle of Willis.,The biopsy shows inflammation in the S.E.R. Cool of Willis.,The biopsy shows inflammation in the circle of Willis.,"The without-dictionary transcript already correctly rendered ""circle of Willis,"" while the with-dictionary transcript garbled it into ""S.E.R. Cool of Willis.""",WASH,distil-whisper/distil-large-v2
meninges,anatomical,men-IN-jeez,WASH,0.028,The biopsy shows inflammation in the meninjas.,The biopsy shows inflammation in the men-I-N-Gs.,The biopsy shows inflammation in the meninges.,"Both transcripts fail to produce a clean pronunciation of ""meninges""; the dictionary version is fragmented into spelling-out rather than a proper pronunciation, offering no real improvement.",HURTS,distil-whisper/distil-large-v2
dura mater,anatomical,DUR-ah MAH-ter,WASH,-0.02,The biopsy shows inflammation in the duromotor.,The biopsy shows inflammation in the D-U-R-A-M-H-Tur.,The biopsy shows inflammation in the dura mater.,"Both transcripts fail to produce the correct term ""dura mater"" — the without version gives ""duromotor"" and the with version gives a fragmented ""D-U-R-A-M-H-Tur"" spelling-out attempt, neither is a clear recovery.",HURTS,distil-whisper/distil-large-v2
arachnoid,anatomical,ah-RAK-noyd,HELPS,0.067,The biopsy shows inflammation in the iraqnoid.,The biopsy shows inflammation in the arachnoid.,The biopsy shows inflammation in the arachnoid.,"The without-dictionary transcript produced ""iraqnoid"" (a clear misrecognition), while the with-dictionary transcript correctly recovered ""arachnoid.""",WASH,distil-whisper/distil-large-v2
pia mater,anatomical,PEE-ah MAH-ter,WASH,0.015,The biopsy shows inflammation in the piamotor.,The biopsy shows inflammation in the P-E-A-M-A-H-T.,The biopsy shows inflammation in the pia mater.,"Both transcripts fail to recover the correct term ""pia mater""; the dictionary version produces a spelled-out garble rather than the target phrase.",HURTS,distil-whisper/distil-large-v2
subdural,anatomical,sub-DUR-al,WASH,-0.046,The biopsy shows inflammation in the subdural.,The biopsy shows inflammation in the sub-DR all.,The biopsy shows inflammation in the subdural.,"Both transcripts fail to clearly render ""subdural"" correctly — without dictionary it's ""subdural"" (close), with dictionary it's ""sub-DR all"" (worse/garbled), but neither is a clear recovery.",HURTS,distil-whisper/distil-large-v2
subarachnoid,anatomical,sub-ah-RAK-noyd,WASH,0.0,The biopsy shows inflammation in the subarachnoid.,The biopsy shows inflammation in the subarachnoid.,The biopsy shows inflammation in the subarachnoid.,"Both transcripts are identical and correctly render ""subarachnoid.""",WASH,distil-whisper/distil-large-v2
epidural,anatomical,ep-ih-DUR-al,HURTS,-0.142,The biopsy shows inflammation in the epidural.,The biopsy shows inflammation in the the tr.,The biopsy shows inflammation in the epidural.,"The without-dictionary transcript correctly rendered ""epidural,"" while the with-dictionary transcript garbled it into ""the tr.""",HURTS,distil-whisper/distil-large-v2
ventricles,anatomical,VEN-trih-kulz,HURTS,-0.111,The biopsy shows inflammation in the ventricles.,The biopsy shows inflammation in the VN troccal's.,The biopsy shows inflammation in the ventricles.,"The without-dictionary transcript correctly rendered ""ventricles,"" while the with-dictionary transcript garbled it into ""VN troccal's.""",HURTS,distil-whisper/distil-large-v2
foramina,anatomical,fo-RAM-ih-nah,WASH,-0.036,The biopsy shows inflammation in the pheramina.,The biopsy shows inflammation in the foe ramna.,The biopsy shows inflammation in the foramina.,"Both transcripts fail to clearly produce ""foramina"" — the without-dictionary version says ""pheramina"" and the with-dictionary version says ""foe ramna"" (split into two words), so neither is correct and the dictionary didn't help recover the target.",HELPS,distil-whisper/distil-large-v2
aqueduct,anatomical,AK-weh-dukt,WASH,-0.078,The biopsy shows inflammation in the aqueduct.,The biopsy shows inflammation in the AK-Weduct.,The biopsy shows inflammation in the aqueduct.,"Both transcripts fail to cleanly produce ""aqueduct"" — the without-dictionary version is closer to the target, while the with-dictionary version introduces a garbled ""AK-Weduct"" rendering, so the dictionary neither helps nor clearly hurts in a meaningful way.",HURTS,distil-whisper/distil-large-v2
choroid plexus,anatomical,KOR-oyd PLEK-sus,HURTS,-0.134,The biopsy shows inflammation in the choroid plexus.,The biopsy shows inflammation in the k-o-oid pleaicess.,The biopsy shows inflammation in the choroid plexus.,"The without-dictionary transcript correctly rendered ""choroid plexus,"" while the with-dictionary transcript garbled it into ""k-o-oid pleaicess.""",WASH,distil-whisper/distil-large-v2
cauda equina,anatomical,KAW-dah eh-KWY-nah,HURTS,-0.129,The biopsy shows inflammation in the cotta equina.,The biopsy shows inflammation in the K-I-Daw AK-Y.,The biopsy shows inflammation in the cauda equina.,"The without-dictionary transcript ""cotta equina"" is a closer phonetic match to ""cauda equina"" than the with-dictionary transcript ""K-I-Daw AK-Y,"" which is fragmented and garbled.",HELPS,distil-whisper/distil-large-v2
filum terminale,anatomical,FY-lum ter-mih-NAH-lee,WASH,-0.033,The biopsy shows inflammation in the phylum terminal.,The biopsy shows inflammation in the FYLUM terminae aocely.,The biopsy shows inflammation in the filum terminale.,"Both transcripts fail to correctly render ""filum terminale"" — the dictionary version introduces garbled ""termae aocely"" while the non-dictionary version at least produced ""terminal"" (close to terminale), so no clear improvement.",WASH,distil-whisper/distil-large-v2
conus medullaris,anatomical,KOH-nus med-yoo-LAR-is,HURTS,-0.11,The biopsy shows inflammation in the conus medullaris.,The biopsy shows inflammation in the K-O-H Nussmed U-Laris.,The biopsy shows inflammation in the conus medullaris.,"The without-dictionary transcript correctly rendered ""conus medullaris,"" while the with-dictionary transcript garbled it into ""K-O-H Nussmed U-Laris.""",WASH,distil-whisper/distil-large-v2
dorsal root,anatomical,DOR-sal ROOT,WASH,-0.033,The biopsy shows inflammation in the dorsal root.,The biopsy shows inflammation in the DR-Sal root.,The biopsy shows inflammation in the dorsal root.,"Both transcripts fail to clearly render ""dorsal root"" correctly; the dictionary version produced ""DR-Sal root"" which is not an improvement and arguably worse, but neither is clearly correct.",WASH,distil-whisper/distil-large-v2
ventral root,anatomical,VEN-tral ROOT,HURTS,-0.079,The biopsy shows inflammation in the ventral root.,The biopsy shows inflammation in the V-N trial route.,The biopsy shows inflammation in the ventral root.,"The without-dictionary transcript already correctly rendered ""ventral root,"" while the with-dictionary transcript garbled it into ""V-N trial route.""",WASH,distil-whisper/distil-large-v2
ganglion,anatomical,GANG-glee-on,WASH,0.0,The biopsy shows inflammation in the ganglion.,The biopsy shows inflammation in the ganglion.,The biopsy shows inflammation in the ganglion.,"Both transcripts already produced the correct term ""ganglion"" identically, so the dictionary entry had no effect.",HELPS,distil-whisper/distil-large-v2
plexus,anatomical,PLEK-sus,WASH,-0.051,The biopsy shows inflammation in the plexus.,The biopsy shows inflammation in the pleaks us.,The biopsy shows inflammation in the plexus.,"Both transcripts fail to clearly render ""plexus"" correctly; the dictionary version (""pleaks us"") is arguably worse and fragmented, but neither recovers the target term properly.",WASH,distil-whisper/distil-large-v2
phrenic,anatomical,FREN-ik,WASH,0.0,The biopsy shows inflammation in the frenic.,The biopsy shows inflammation in the frenic.,The biopsy shows inflammation in the phrenic.,"Both transcripts are identical (""frenic""), so the dictionary entry produced no change.",WASH,distil-whisper/distil-large-v2
vagus,anatomical,VAY-gus,WASH,0.079,The biopsy shows inflammation in the Vegas.,The biopsy shows inflammation in the VA Gus.,The biopsy shows inflammation in the vagus.,"Both transcripts fail to produce the correct term ""vagus""; the dictionary version fragments it into ""VA Gus"" while the non-dictionary version substitutes ""Vegas,"" so neither meaningfully recovers the target.",WASH,distil-whisper/distil-large-v2
recurrent laryngeal,anatomical,ree-KUR-ent lar-IN-jee-al,HURTS,-0.15,The biopsy shows inflammation in the recurrent laryngeal.,The biopsy shows inflammation in the R.Courent-LAR-I-N-G-Aul.,The biopsy shows inflammation in the recurrent laryngeal.,"The without-dictionary transcript already correctly rendered ""recurrent laryngeal,"" while the with-dictionary transcript garbled it into ""R.Courent-LAR-I-N-G-Aul.""",HURTS,distil-whisper/distil-large-v2
facial,anatomical,FAY-shal,WASH,-0.086,The biopsy shows inflammation in the facial.,The biopsy shows inflammation in the FAA shal.,The biopsy shows inflammation in the facial.,"Both transcripts fail to clearly produce ""facial"" — the without-dictionary version shows ""facial"" spelled out (which is actually correct), while the with-dictionary version fragments it into ""FAA shal,"" so the dictionary didn't help and arguably hurt.",HELPS,distil-whisper/distil-large-v2
vestibulocochlear,anatomical,ves-TIB-yoo-loh-KOK-lee-ar,HURTS,-0.171,The biopsy shows inflammation in the vestibular cochlear.,The biopsy shows inflammation in the V's type U-low-K-O-K-O-K-Lyar.,The biopsy shows inflammation in the vestibulocochlear.,,WASH,distil-whisper/distil-large-v2
glossopharyngeal,anatomical,GLOS-oh-fah-RIN-jee-al,WASH,0.067,The biopsy shows inflammation in the gloss of herangial.,The biopsy shows inflammation in the jlos opharyngeal.,The biopsy shows inflammation in the glossopharyngeal.,"Both transcripts are garbled and fail to recover the correct term ""glossopharyngeal""; the dictionary version is slightly closer but still wrong.",HURTS,distil-whisper/distil-large-v2
hypoglossal,anatomical,HY-poh-GLOS-al,HURTS,-0.141,The biopsy shows inflammation in the hypoglossal.,The biopsy shows inflammation in the H.Y. Po-Lusol.,The biopsy shows inflammation in the hypoglossal.,"The without-dictionary transcript already produced the correct term ""hypoglossal,"" while the with-dictionary transcript garbled it into ""H.Y. Po-Lusol.""",WASH,distil-whisper/distil-large-v2
accessory,anatomical,ak-SES-oh-ree,WASH,-0.084,The biopsy shows inflammation in the accessory.,The biopsy shows inflammation in the ache-sesoree.,The biopsy shows inflammation in the accessory.,"Both transcripts fail to clearly produce ""accessory"" — the without-dictionary version at least has the word ""accessory"" spelled out correctly, while the with-dictionary version is garbled (""ache-sesoree""), so the dictionary didn't help and arguably hurt, but neither achieved a clear pronunciation goal.",WASH,distil-whisper/distil-large-v2
oculomotor,anatomical,OK-yoo-loh-MOH-tor,WASH,-0.055,The biopsy shows inflammation in the oculomotor.,The biopsy shows inflammation in the OKULO-MOH tour.,The biopsy shows inflammation in the oculomotor.,"Both transcripts fail to clearly produce ""oculomotor"" — the without-dictionary version at least preserves the word in text form, while the with-dictionary version fragments it into a mispronounced hyphenated form, but neither is a clear recovery of the target term.",WASH,distil-whisper/distil-large-v2
trochlear,anatomical,TROK-lee-ar,WASH,0.036,The biopsy shows inflammation in the troclare.,The biopsy shows inflammation in the troclear.,The biopsy shows inflammation in the trochlear.,"Both transcripts mispronounce the term (""troclare"" vs ""troclear""), and neither recovers the correct ""trochlear"" pronunciation; the dictionary entry produced no meaningful improvement.",WASH,distil-whisper/distil-large-v2
abducens,anatomical,ab-DOO-senz,WASH,-0.041,The biopsy shows inflammation in the abduciens.,The biopsy shows inflammation in the abdu sense.,The biopsy shows inflammation in the abducens.,"Both transcripts fail to render ""abducens"" correctly — ""abduciens"" is a misspelling and ""abdu sense"" is fragmented — so the dictionary did not meaningfully help.",WASH,distil-whisper/distil-large-v2
angina,clinical,angina,WASH,0.0,The patient was diagnosed with angina.,The patient was diagnosed with angina.,The patient was diagnosed with angina.,"Both transcripts already correctly produced ""angina"" with no difference.",WASH,distil-whisper/distil-large-v2
epinephrine,drug,epinephrine,WASH,0.0,Please take your epinephrine as prescribed.,Please take your epinephrine as prescribed.,Please take your epinephrine as prescribed.,"Both transcripts are identical and correctly render ""epinephrine,"" so the dictionary made no difference.",WASH,distil-whisper/distil-large-v2
naloxone,drug,naloxone,WASH,0.0,Please take your niloxone as prescribed.,Please take your niloxone as prescribed.,Please take your naloxone as prescribed.,"Both transcripts produced ""niloxone"" identically; the dictionary entry had no effect on the pronunciation.",WASH,distil-whisper/distil-large-v2
hyperlipidemia,clinical,hyperlipidemia,WASH,0.0,The patient was diagnosed with hyperlipidemia.,The patient was diagnosed with hyperlipidemia.,The patient was diagnosed with hyperlipidemia.,"Both transcripts already contain the correct term ""hyperlipidemia"" with no difference.",WASH,distil-whisper/distil-large-v2
osteoarthritis,clinical,osteoarthritis,WASH,0.0,The patient was diagnosed with osteoarthritis.,The patient was diagnosed with osteoarthritis.,The patient was diagnosed with osteoarthritis.,Both transcripts are identical and correctly render the term.,WASH,distil-whisper/distil-large-v2
diabetes mellitus,clinical,diabetes mellitus,WASH,0.007,"The patient was diagnosed with diabetes, malitis.",The patient was diagnosed with diabetes malitis.,The patient was diagnosed with diabetes mellitus.,"Both transcripts mispronounce ""mellitus"" as ""malitis""; the dictionary entry did not improve the pronunciation of the target term.",WASH,distil-whisper/distil-large-v2
